word,neg,neu,pos,compound,sentiment_cat
able,0.0,1.0,0.0,0.0,3
abnormal,0.0,1.0,0.0,0.0,3
abrasive,0.0,1.0,0.0,0.0,3
abrupt,0.0,1.0,0.0,0.0,3
absent-minded,0.0,1.0,0.0,0.0,3
abstemious,0.0,1.0,0.0,0.0,3
abstinent,0.0,1.0,0.0,0.0,3
abstract,0.0,1.0,0.0,0.0,3
abstruse,0.0,1.0,0.0,0.0,3
absurd,0.0,1.0,0.0,0.0,3
abusive,1.0,0.0,0.0,-0.6369,1
academic,0.0,1.0,0.0,0.0,3
acceptant,0.0,0.0,1.0,0.3818,4
accepting,0.0,0.0,1.0,0.3818,4
accessible,0.0,1.0,0.0,0.0,3
accommodating,0.0,1.0,0.0,0.0,3
accomplished,0.0,0.0,1.0,0.4404,5
accountable,0.0,1.0,0.0,0.0,3
accurate,0.0,1.0,0.0,0.0,3
accusing,1.0,0.0,0.0,-0.1779,2
acerbic,0.0,1.0,0.0,0.0,3
acid,0.0,1.0,0.0,0.0,3
acquiescent,0.0,1.0,0.0,0.0,3
acquisitive,0.0,1.0,0.0,0.0,3
acrid,0.0,1.0,0.0,0.0,3
acrimonious,1.0,0.0,0.0,-0.4019,1
active,0.0,0.0,1.0,0.4019,5
adaptable,0.0,1.0,0.0,0.0,3
adaptive,0.0,1.0,0.0,0.0,3
adjustable,0.0,1.0,0.0,0.0,3
admirable,0.0,0.0,1.0,0.5574,5
admonitory,0.0,1.0,0.0,0.0,3
adorable,0.0,0.0,1.0,0.4939,5
adroit,0.0,1.0,0.0,0.0,3
adulatory,0.0,1.0,0.0,0.0,3
adulterous,0.0,1.0,0.0,0.0,3
adventurous,0.0,0.0,1.0,0.34,4
adversarial,1.0,0.0,0.0,-0.3612,2
aesthetic,0.0,1.0,0.0,0.0,3
affable,0.0,1.0,0.0,0.0,3
affected,1.0,0.0,0.0,-0.1531,2
affectionate,0.0,0.0,1.0,0.4404,5
affirmative,0.0,1.0,0.0,0.0,3
afraid,0.0,1.0,0.0,0.0,3
aggravating,1.0,0.0,0.0,-0.296,2
aggressive,1.0,0.0,0.0,-0.1531,2
agitable,0.0,1.0,0.0,0.0,3
agitated,1.0,0.0,0.0,-0.4588,1
agitative,1.0,0.0,0.0,-0.3182,2
agreeable,0.0,0.0,1.0,0.4215,5
aimful,0.0,1.0,0.0,0.0,3
aimless,0.0,1.0,0.0,0.0,3
airy,0.0,1.0,0.0,0.0,3
alarmable,0.0,1.0,0.0,0.0,3
alcoholic,0.0,1.0,0.0,0.0,3
alert,0.0,0.0,1.0,0.296,4
alive,0.0,0.0,1.0,0.3818,4
alone,1.0,0.0,0.0,-0.25,2
aloof,0.0,1.0,0.0,0.0,3
altruistic,0.0,1.0,0.0,0.0,3
amazing,0.0,0.0,1.0,0.5859,5
ambiguous,0.0,1.0,0.0,0.0,3
ambitious,0.0,0.0,1.0,0.4767,5
ambivalent,0.0,0.0,1.0,0.128,4
amenable,0.0,1.0,0.0,0.0,3
amiable,0.0,1.0,0.0,0.0,3
amicable,0.0,1.0,0.0,0.0,3
amorous,0.0,0.0,1.0,0.4215,5
amusing,0.0,0.0,1.0,0.3818,4
analytical,0.0,1.0,0.0,0.0,3
anarchistic,0.0,1.0,0.0,0.0,3
anecdotal,0.0,1.0,0.0,0.0,3
angelic,0.0,1.0,0.0,0.0,3
angry,1.0,0.0,0.0,-0.5106,1
animated,0.0,1.0,0.0,0.0,3
annoyed,1.0,0.0,0.0,-0.3818,2
annoying,1.0,0.0,0.0,-0.4019,1
antagonistic,1.0,0.0,0.0,-0.4019,1
antagonizing,1.0,0.0,0.0,-0.5719,1
anticipative,0.0,1.0,0.0,0.0,3
antisocial,0.0,1.0,0.0,0.0,3
anxious,1.0,0.0,0.0,-0.25,2
apathetic,1.0,0.0,0.0,-0.296,2
aphoristic,0.0,1.0,0.0,0.0,3
apolitical,0.0,1.0,0.0,0.0,3
apologetic,0.0,1.0,0.0,0.0,3
appealing,0.0,1.0,0.0,0.0,3
appeasing,0.0,0.0,1.0,0.25,4
appreciated,0.0,0.0,1.0,0.5106,5
appreciative,0.0,0.0,1.0,0.5574,5
apprehensive,0.0,1.0,0.0,0.0,3
approachable,0.0,1.0,0.0,0.0,3
arbitrary,0.0,1.0,0.0,0.0,3
arbitrative,0.0,1.0,0.0,0.0,3
ardent,0.0,0.0,1.0,0.4767,5
argumentative,1.0,0.0,0.0,-0.3612,2
aristocratic,0.0,1.0,0.0,0.0,3
arrogant,1.0,0.0,0.0,-0.4939,1
artful,0.0,1.0,0.0,0.0,3
articulate,0.0,1.0,0.0,0.0,3
artificial,0.0,1.0,0.0,0.0,3
artistic,0.0,1.0,0.0,0.0,3
artless,0.0,1.0,0.0,0.0,3
artsy,0.0,1.0,0.0,0.0,3
ascendant,0.0,1.0,0.0,0.0,3
ascetic,0.0,1.0,0.0,0.0,3
ashamed,1.0,0.0,0.0,-0.4767,1
asocial,0.0,1.0,0.0,0.0,3
assertive,0.0,1.0,0.0,0.0,3
assiduous,0.0,1.0,0.0,0.0,3
assuming,0.0,1.0,0.0,0.0,3
assured,0.0,0.0,1.0,0.3612,4
assuring,0.0,0.0,1.0,0.3818,4
astute,0.0,1.0,0.0,0.0,3
atheistic,0.0,1.0,0.0,0.0,3
athletic,0.0,1.0,0.0,0.0,3
attention-seeking,0.0,1.0,0.0,0.0,3
attentive,0.0,1.0,0.0,0.0,3
attractive,0.0,0.0,1.0,0.4404,5
audacious,0.0,0.0,1.0,0.2263,4
austere,0.0,1.0,0.0,0.0,3
authentic,0.0,1.0,0.0,0.0,3
authoritarian,0.0,1.0,0.0,0.0,3
authoritative,0.0,1.0,0.0,0.0,3
autocratic,0.0,1.0,0.0,0.0,3
autonomous,0.0,1.0,0.0,0.0,3
avaricious,0.0,1.0,0.0,0.0,3
average,0.0,1.0,0.0,0.0,3
awake,0.0,1.0,0.0,0.0,3
aware,0.0,1.0,0.0,0.0,3
aweless,0.0,1.0,0.0,0.0,3
awesome,0.0,0.0,1.0,0.6249,5
awful,1.0,0.0,0.0,-0.4588,1
awkward,1.0,0.0,0.0,-0.1531,2
babyish,0.0,1.0,0.0,0.0,3
backbiting,0.0,1.0,0.0,0.0,3
bad,1.0,0.0,0.0,-0.5423,1
baiting,0.0,1.0,0.0,0.0,3
baleful,0.0,1.0,0.0,0.0,3
balky,0.0,1.0,0.0,0.0,3
bashful,1.0,0.0,0.0,-0.0258,2
bearish,0.0,1.0,0.0,0.0,3
beautiful,0.0,0.0,1.0,0.5994,5
bedraggled,0.0,1.0,0.0,0.0,3
believable,0.0,1.0,0.0,0.0,3
bellicose,0.0,1.0,0.0,0.0,3
belligerent,0.0,1.0,0.0,0.0,3
bendable,0.0,1.0,0.0,0.0,3
beneficent,0.0,0.0,1.0,0.5106,5
benevolent,0.0,0.0,1.0,0.5719,5
benign,0.0,0.0,1.0,0.3182,4
berating,0.0,1.0,0.0,0.0,3
bestial,0.0,1.0,0.0,0.0,3
bewildered,0.0,1.0,0.0,0.0,3
biased,1.0,0.0,0.0,-0.2732,2
big,0.0,1.0,0.0,0.0,3
big-headed,0.0,1.0,0.0,0.0,3
big-hearted,0.0,1.0,0.0,0.0,3
big-mouthed,0.0,1.0,0.0,0.0,3
bigoted,0.0,1.0,0.0,0.0,3
bilious,0.0,1.0,0.0,0.0,3
bitter,1.0,0.0,0.0,-0.4215,1
bizarre,1.0,0.0,0.0,-0.3182,2
blaming,1.0,0.0,0.0,-0.4939,1
bland,0.0,1.0,0.0,0.0,3
blase,0.0,1.0,0.0,0.0,3
blas√©,0.0,1.0,0.0,0.0,3
blasphemous,0.0,1.0,0.0,0.0,3
bleak,0.0,1.0,0.0,0.0,3
blind,1.0,0.0,0.0,-0.4019,1
blithe,0.0,0.0,1.0,0.296,4
blunt,0.0,1.0,0.0,0.0,3
blunt-witted,0.0,1.0,0.0,0.0,3
blustery,0.0,1.0,0.0,0.0,3
boastful,0.0,1.0,0.0,0.0,3
boastless,0.0,1.0,0.0,0.0,3
boisterous,0.0,1.0,0.0,0.0,3
bold,0.0,0.0,1.0,0.3818,4
bombastic,0.0,1.0,0.0,0.0,3
bookish,0.0,1.0,0.0,0.0,3
boorish,0.0,1.0,0.0,0.0,3
boozy,0.0,1.0,0.0,0.0,3
bored,1.0,0.0,0.0,-0.2732,2
boring,1.0,0.0,0.0,-0.3182,2
bossy,0.0,1.0,0.0,0.0,3
bountiful,0.0,1.0,0.0,0.0,3
bourgeois,0.0,1.0,0.0,0.0,3
boyish,0.0,1.0,0.0,0.0,3
bragging,0.0,1.0,0.0,0.0,3
brainless,0.0,1.0,0.0,0.0,3
brainy,0.0,1.0,0.0,0.0,3
brash,0.0,1.0,0.0,0.0,3
brave,0.0,0.0,1.0,0.5267,5
brawling,0.0,1.0,0.0,0.0,3
brawlsome,0.0,1.0,0.0,0.0,3
brazen,0.0,1.0,0.0,0.0,3
breathless,0.0,1.0,0.0,0.0,3
breezy,0.0,1.0,0.0,0.0,3
bright,0.0,0.0,1.0,0.4404,5
bright-eyed,0.0,1.0,0.0,0.0,3
brilliant,0.0,0.0,1.0,0.5859,5
brisk,0.0,0.0,1.0,0.1531,4
bristling,0.0,1.0,0.0,0.0,3
bristly,0.0,1.0,0.0,0.0,3
broad-minded,0.0,1.0,0.0,0.0,3
broad-spoken,0.0,1.0,0.0,0.0,3
broken,1.0,0.0,0.0,-0.4767,1
brooding,0.0,0.0,1.0,0.0258,4
broody,0.0,1.0,0.0,0.0,3
brotherly,0.0,1.0,0.0,0.0,3
browbeating,0.0,1.0,0.0,0.0,3
brusque,0.0,1.0,0.0,0.0,3
brutal,1.0,0.0,0.0,-0.6249,1
brutish,0.0,1.0,0.0,0.0,3
bubbly,0.0,1.0,0.0,0.0,3
buffoonish,0.0,1.0,0.0,0.0,3
bullheaded,0.0,1.0,0.0,0.0,3
bullish,0.0,1.0,0.0,0.0,3
bullying,1.0,0.0,0.0,-0.5994,1
buoyant,0.0,0.0,1.0,0.2263,4
buoying,0.0,1.0,0.0,0.0,3
bureaucratic,0.0,1.0,0.0,0.0,3
burned-out,0.0,1.0,0.0,0.0,3
businesslike,0.0,1.0,0.0,0.0,3
busy,0.0,1.0,0.0,0.0,3
busyish,0.0,1.0,0.0,0.0,3
cagey,0.0,1.0,0.0,0.0,3
cajoling,0.0,1.0,0.0,0.0,3
calculable,0.0,1.0,0.0,0.0,3
calculating,0.0,1.0,0.0,0.0,3
callous,0.0,1.0,0.0,0.0,3
callow,0.0,1.0,0.0,0.0,3
calm,0.0,0.0,1.0,0.3182,4
calming,0.0,0.0,1.0,0.4019,5
candid,0.0,1.0,0.0,0.0,3
canny,0.0,1.0,0.0,0.0,3
cantankerous,0.0,1.0,0.0,0.0,3
capable,0.0,0.0,1.0,0.3818,4
capricious,0.0,1.0,0.0,0.0,3
carefree,0.0,0.0,1.0,0.4019,5
careful,0.0,0.0,1.0,0.1531,4
careless,1.0,0.0,0.0,-0.3612,2
careworn,0.0,1.0,0.0,0.0,3
caring,0.0,0.0,1.0,0.4939,5
casual,0.0,0.0,1.0,0.2023,4
catty,0.0,1.0,0.0,0.0,3
caustic,0.0,1.0,0.0,0.0,3
cautionary,0.0,1.0,0.0,0.0,3
cautious,1.0,0.0,0.0,-0.1027,2
cavalier,0.0,1.0,0.0,0.0,3
censorial,0.0,1.0,0.0,0.0,3
censorious,0.0,1.0,0.0,0.0,3
cerebral,0.0,1.0,0.0,0.0,3
ceremonious,0.0,1.0,0.0,0.0,3
certain,0.0,0.0,1.0,0.2732,4
challenging,0.0,0.0,1.0,0.1531,4
chameleonlike,0.0,1.0,0.0,0.0,3
changeable,0.0,1.0,0.0,0.0,3
changeless,0.0,1.0,0.0,0.0,3
charismatic,0.0,1.0,0.0,0.0,3
charitable,0.0,0.0,1.0,0.4019,5
charming,0.0,0.0,1.0,0.5859,5
chaste,0.0,1.0,0.0,0.0,3
chattering,0.0,1.0,0.0,0.0,3
chatty,0.0,1.0,0.0,0.0,3
chauvinistic,0.0,1.0,0.0,0.0,3
cheap,0.0,1.0,0.0,0.0,3
cheeky,0.0,1.0,0.0,0.0,3
cheerful,0.0,0.0,1.0,0.5423,5
cheerless,1.0,0.0,0.0,-0.4019,1
cheery,0.0,0.0,1.0,0.5574,5
cheesy,0.0,1.0,0.0,0.0,3
cherubic,0.0,1.0,0.0,0.0,3
chic,0.0,0.0,1.0,0.2732,4
childish,1.0,0.0,0.0,-0.296,2
childlike,0.0,1.0,0.0,0.0,3
chipper,0.0,1.0,0.0,0.0,3
chitchatty,0.0,1.0,0.0,0.0,3
chivalrous,0.0,1.0,0.0,0.0,3
choosy,0.0,1.0,0.0,0.0,3
chubby,0.0,1.0,0.0,0.0,3
chummy,0.0,1.0,0.0,0.0,3
churlish,0.0,1.0,0.0,0.0,3
circumspect,0.0,1.0,0.0,0.0,3
civil,0.0,1.0,0.0,0.0,3
civilized,0.0,1.0,0.0,0.0,3
clairvoyant,0.0,1.0,0.0,0.0,3
clandestine,0.0,1.0,0.0,0.0,3
clannish,0.0,1.0,0.0,0.0,3
classy,0.0,0.0,1.0,0.4404,5
clean,0.0,0.0,1.0,0.4019,5
clear-cut,0.0,1.0,0.0,0.0,3
clear-eyed,0.0,1.0,0.0,0.0,3
clearheaded,0.0,1.0,0.0,0.0,3
clear-sighted,0.0,1.0,0.0,0.0,3
clear-thinking,0.0,1.0,0.0,0.0,3
clever,0.0,0.0,1.0,0.4588,5
clinging,0.0,1.0,0.0,0.0,3
clingy,0.0,1.0,0.0,0.0,3
cliquish,0.0,1.0,0.0,0.0,3
closed-minded,0.0,1.0,0.0,0.0,3
close-fisted,0.0,1.0,0.0,0.0,3
close-mouthed,0.0,1.0,0.0,0.0,3
clownish,0.0,1.0,0.0,0.0,3
cloying,0.0,1.0,0.0,0.0,3
clubby,0.0,1.0,0.0,0.0,3
clumsy,0.0,1.0,0.0,0.0,3
coarse,0.0,1.0,0.0,0.0,3
cocksure,0.0,1.0,0.0,0.0,3
cocky,1.0,0.0,0.0,-0.128,2
coercing,0.0,1.0,0.0,0.0,3
coercive,0.0,1.0,0.0,0.0,3
cognitive,0.0,1.0,0.0,0.0,3
coherent,0.0,1.0,0.0,0.0,3
cold,0.0,1.0,0.0,0.0,3
cold-blooded,0.0,1.0,0.0,0.0,3
cold-hearted,0.0,1.0,0.0,0.0,3
colorful,0.0,1.0,0.0,0.0,3
combative,0.0,1.0,0.0,0.0,3
comfortable,0.0,0.0,1.0,0.5106,5
comical,0.0,1.0,0.0,0.0,3
commandeering,0.0,1.0,0.0,0.0,3
commanding,0.0,1.0,0.0,0.0,3
communicative,0.0,1.0,0.0,0.0,3
companionable,0.0,1.0,0.0,0.0,3
compassionate,0.0,0.0,1.0,0.4939,5
compassionless,1.0,0.0,0.0,-0.5574,1
compatible,0.0,1.0,0.0,0.0,3
competent,0.0,0.0,1.0,0.3182,4
competitive,0.0,0.0,1.0,0.1779,4
competitory,0.0,1.0,0.0,0.0,3
complacent,1.0,0.0,0.0,-0.0772,2
complaining,1.0,0.0,0.0,-0.2023,2
complaisant,0.0,1.0,0.0,0.0,3
complex,0.0,1.0,0.0,0.0,3
compliant,0.0,1.0,0.0,0.0,3
complicated,0.0,1.0,0.0,0.0,3
complimentary,0.0,0.0,1.0,0.4404,5
complying,0.0,1.0,0.0,0.0,3
composed,0.0,1.0,0.0,0.0,3
comprehensive,0.0,0.0,1.0,0.25,4
compulsive,0.0,1.0,0.0,0.0,3
comradely,0.0,1.0,0.0,0.0,3
concealing,0.0,1.0,0.0,0.0,3
conceding,0.0,1.0,0.0,0.0,3
conceited,0.0,1.0,0.0,0.0,3
conceitless,0.0,1.0,0.0,0.0,3
conceptual,0.0,1.0,0.0,0.0,3
concerned,0.0,1.0,0.0,0.0,3
conciliatory,0.0,1.0,0.0,0.0,3
concise,0.0,1.0,0.0,0.0,3
condemning,0.0,1.0,0.0,0.0,3
condescending,0.0,1.0,0.0,0.0,3
confident,0.0,0.0,1.0,0.4939,5
conforming,0.0,1.0,0.0,0.0,3
confusable,0.0,1.0,0.0,0.0,3
confused,1.0,0.0,0.0,-0.3182,2
confusing,1.0,0.0,0.0,-0.2263,2
congenial,0.0,1.0,0.0,0.0,3
conniving,0.0,1.0,0.0,0.0,3
conscienceless,0.0,1.0,0.0,0.0,3
conscientious,0.0,1.0,0.0,0.0,3
conservative,0.0,1.0,0.0,0.0,3
considerate,0.0,0.0,1.0,0.4404,5
consistent,0.0,1.0,0.0,0.0,3
consolatory,0.0,1.0,0.0,0.0,3
consoling,0.0,1.0,0.0,0.0,3
conspicuous,0.0,1.0,0.0,0.0,3
conspiring,0.0,1.0,0.0,0.0,3
constant,0.0,1.0,0.0,0.0,3
constrained,1.0,0.0,0.0,-0.1027,2
constructive,0.0,1.0,0.0,0.0,3
contained,0.0,1.0,0.0,0.0,3
contemplative,0.0,1.0,0.0,0.0,3
contemptuous,1.0,0.0,0.0,-0.4939,1
contented,0.0,0.0,1.0,0.34,4
contentious,1.0,0.0,0.0,-0.296,2
contradictious,1.0,0.0,0.0,-0.4404,1
contradictory,1.0,0.0,0.0,-0.34,2
contrary,0.0,1.0,0.0,0.0,3
contrary-minded,0.0,1.0,0.0,0.0,3
controlled,0.0,1.0,0.0,0.0,3
controlling,0.0,1.0,0.0,0.0,3
controversial,1.0,0.0,0.0,-0.2023,2
conventional,0.0,1.0,0.0,0.0,3
conversational,0.0,1.0,0.0,0.0,3
convincing,0.0,0.0,1.0,0.4019,5
convivial,0.0,0.0,1.0,0.296,4
cool,0.0,0.0,1.0,0.3182,4
cool-headed,0.0,1.0,0.0,0.0,3
cooperative,0.0,1.0,0.0,0.0,3
coquettish,0.0,1.0,0.0,0.0,3
cordial,0.0,1.0,0.0,0.0,3
corrective,0.0,1.0,0.0,0.0,3
corrupt,0.0,1.0,0.0,0.0,3
corruptible,0.0,1.0,0.0,0.0,3
cosmopolitan,0.0,1.0,0.0,0.0,3
counselable,0.0,1.0,0.0,0.0,3
courageous,0.0,0.0,1.0,0.5267,5
courteous,0.0,0.0,1.0,0.5106,5
courtly,0.0,1.0,0.0,0.0,3
covetous,0.0,1.0,0.0,0.0,3
cowardly,1.0,0.0,0.0,-0.3818,2
coy,0.0,1.0,0.0,0.0,3
crabby,0.0,1.0,0.0,0.0,3
crafty,0.0,1.0,0.0,0.0,3
cranky,0.0,1.0,0.0,0.0,3
crass,0.0,1.0,0.0,0.0,3
craven,0.0,1.0,0.0,0.0,3
crazed,1.0,0.0,0.0,-0.128,2
crazy,1.0,0.0,0.0,-0.34,2
creative,0.0,0.0,1.0,0.4404,5
credible,0.0,1.0,0.0,0.0,3
credulous,0.0,1.0,0.0,0.0,3
critical,1.0,0.0,0.0,-0.3182,2
crooked,0.0,1.0,0.0,0.0,3
crotchety,0.0,1.0,0.0,0.0,3
crude,1.0,0.0,0.0,-0.5719,1
cruel,1.0,0.0,0.0,-0.5859,1
crusading,0.0,1.0,0.0,0.0,3
cryptic,0.0,1.0,0.0,0.0,3
cultivated,0.0,1.0,0.0,0.0,3
cultivating,0.0,1.0,0.0,0.0,3
cultured,0.0,1.0,0.0,0.0,3
cunning,0.0,1.0,0.0,0.0,3
curious,0.0,0.0,1.0,0.3182,4
curmudgeonly,0.0,1.0,0.0,0.0,3
cursed,0.0,1.0,0.0,0.0,3
curt,0.0,1.0,0.0,0.0,3
cute,0.0,0.0,1.0,0.4588,5
cutthroat,0.0,1.0,0.0,0.0,3
cynical,1.0,0.0,0.0,-0.3818,2
daft,0.0,1.0,0.0,0.0,3
dainty,0.0,1.0,0.0,0.0,3
damaging,1.0,0.0,0.0,-0.5106,1
dangerous,1.0,0.0,0.0,-0.4767,1
dapper,0.0,1.0,0.0,0.0,3
daring,0.0,0.0,1.0,0.3612,4
dark,0.0,1.0,0.0,0.0,3
dastardly,0.0,1.0,0.0,0.0,3
dauntless,0.0,0.0,1.0,0.5106,5
dawdling,0.0,1.0,0.0,0.0,3
debonair,0.0,0.0,1.0,0.2023,4
deceitful,1.0,0.0,0.0,-0.4404,1
deceivable,0.0,1.0,0.0,0.0,3
decent,0.0,1.0,0.0,0.0,3
deceptive,0.0,1.0,0.0,0.0,3
decisive,0.0,0.0,1.0,0.2263,4
decorous,0.0,1.0,0.0,0.0,3
dedicated,0.0,0.0,1.0,0.4588,5
deep,0.0,1.0,0.0,0.0,3
defenseless,1.0,0.0,0.0,-0.34,2
defensive,0.0,0.0,1.0,0.0258,4
deferential,0.0,1.0,0.0,0.0,3
defiant,1.0,0.0,0.0,-0.2263,2
definite,0.0,0.0,1.0,0.2732,4
deft,0.0,1.0,0.0,0.0,3
degrading,1.0,0.0,0.0,-0.5859,1
dejected,1.0,0.0,0.0,-0.4939,1
deliberate,0.0,1.0,0.0,0.0,3
deliberative,0.0,1.0,0.0,0.0,3
delicate,0.0,0.0,1.0,0.0516,4
delighted,0.0,0.0,1.0,0.5106,5
delightful,0.0,0.0,1.0,0.5859,5
delinquent,0.0,1.0,0.0,0.0,3
delusional,0.0,1.0,0.0,0.0,3
demanding,1.0,0.0,0.0,-0.2263,2
demeaning,0.0,1.0,0.0,0.0,3
democratic,0.0,1.0,0.0,0.0,3
demonstrative,0.0,1.0,0.0,0.0,3
demure,0.0,1.0,0.0,0.0,3
denigrating,0.0,1.0,0.0,0.0,3
denouncing,0.0,1.0,0.0,0.0,3
dense,0.0,1.0,0.0,0.0,3
dependable,0.0,1.0,0.0,0.0,3
dependent,0.0,1.0,0.0,0.0,3
depraved,0.0,1.0,0.0,0.0,3
depressed,1.0,0.0,0.0,-0.5106,1
depressive,1.0,0.0,0.0,-0.3818,2
derisive,0.0,1.0,0.0,0.0,3
derogatory,0.0,1.0,0.0,0.0,3
designful,0.0,1.0,0.0,0.0,3
desirable,0.0,0.0,1.0,0.3182,4
despairing,1.0,0.0,0.0,-0.5106,1
despondent,1.0,0.0,0.0,-0.4767,1
destructive,1.0,0.0,0.0,-0.6124,1
desultory,0.0,1.0,0.0,0.0,3
detached,1.0,0.0,0.0,-0.128,2
determined,0.0,0.0,1.0,0.34,4
devilish,1.0,0.0,0.0,-0.4767,1
devil-may-care,0.0,1.0,0.0,0.0,3
devious,0.0,1.0,0.0,0.0,3
devoted,0.0,0.0,1.0,0.4019,5
devout,0.0,1.0,0.0,0.0,3
dewy,0.0,1.0,0.0,0.0,3
dictatorial,0.0,1.0,0.0,0.0,3
didactic,0.0,1.0,0.0,0.0,3
difficult,1.0,0.0,0.0,-0.3612,2
diffident,1.0,0.0,0.0,-0.25,2
dignified,0.0,0.0,1.0,0.4939,5
digressive,0.0,1.0,0.0,0.0,3
diligent,0.0,1.0,0.0,0.0,3
dim,0.0,1.0,0.0,0.0,3
diminishing,0.0,1.0,0.0,0.0,3
diplomatic,0.0,1.0,0.0,0.0,3
direct,0.0,1.0,0.0,0.0,3
dirty,1.0,0.0,0.0,-0.4404,1
disabled,0.0,1.0,0.0,0.0,3
disagreeable,1.0,0.0,0.0,-0.4019,1
disappointed,1.0,0.0,0.0,-0.4767,1
disapproving,0.0,1.0,0.0,0.0,3
disarming,0.0,1.0,0.0,0.0,3
discerning,0.0,1.0,0.0,0.0,3
disciplined,0.0,1.0,0.0,0.0,3
disclosing,0.0,1.0,0.0,0.0,3
discontented,1.0,0.0,0.0,-0.4215,1
discourageable,1.0,0.0,0.0,-0.296,2
discouraged,1.0,0.0,0.0,-0.4019,1
discourteous,0.0,1.0,0.0,0.0,3
discreet,0.0,1.0,0.0,0.0,3
discriminating,0.0,1.0,0.0,0.0,3
discriminative,0.0,1.0,0.0,0.0,3
discursive,0.0,1.0,0.0,0.0,3
disdainful,0.0,1.0,0.0,0.0,3
disengaged,0.0,1.0,0.0,0.0,3
disgruntled,0.0,1.0,0.0,0.0,3
disguiseless,0.0,1.0,0.0,0.0,3
disgusted,1.0,0.0,0.0,-0.5267,1
disgusting,1.0,0.0,0.0,-0.5267,1
disheveled,0.0,1.0,0.0,0.0,3
dishonest,1.0,0.0,0.0,-0.5719,1
disillusioned,1.0,0.0,0.0,-0.4404,1
disingenuous,0.0,1.0,0.0,0.0,3
disinterested,0.0,1.0,0.0,0.0,3
disloyal,0.0,1.0,0.0,0.0,3
disobedient,0.0,1.0,0.0,0.0,3
disobliging,0.0,1.0,0.0,0.0,3
disorderly,0.0,1.0,0.0,0.0,3
disorganized,1.0,0.0,0.0,-0.296,2
disparaging,1.0,0.0,0.0,-0.4939,1
dispassionate,0.0,1.0,0.0,0.0,3
disputatious,0.0,1.0,0.0,0.0,3
disregardful,0.0,1.0,0.0,0.0,3
disrespectful,0.0,1.0,0.0,0.0,3
disruptive,1.0,0.0,0.0,-0.3182,2
dissatisfied,1.0,0.0,0.0,-0.3818,2
dissensualized,0.0,1.0,0.0,0.0,3
dissocial,0.0,1.0,0.0,0.0,3
distant,0.0,1.0,0.0,0.0,3
distinguished,0.0,1.0,0.0,0.0,3
distractible,1.0,0.0,0.0,-0.3612,2
distrustful,1.0,0.0,0.0,-0.4767,1
disturbed,1.0,0.0,0.0,-0.3818,2
dithering,1.0,0.0,0.0,-0.128,2
divertible,0.0,1.0,0.0,0.0,3
divisive,0.0,1.0,0.0,0.0,3
divulging,0.0,1.0,0.0,0.0,3
dizzying,0.0,1.0,0.0,0.0,3
docile,0.0,1.0,0.0,0.0,3
doctrinaire,0.0,1.0,0.0,0.0,3
doddering,0.0,1.0,0.0,0.0,3
dodgy,1.0,0.0,0.0,-0.2263,2
dogged,0.0,1.0,0.0,0.0,3
dogmatic,0.0,1.0,0.0,0.0,3
doleful,0.0,1.0,0.0,0.0,3
doltish,0.0,1.0,0.0,0.0,3
dominant,0.0,1.0,0.0,0.0,3
domineering,0.0,1.0,0.0,0.0,3
dopey,0.0,1.0,0.0,0.0,3
doting,0.0,1.0,0.0,0.0,3
dotty,0.0,1.0,0.0,0.0,3
double-crossing,0.0,1.0,0.0,0.0,3
double-faced,0.0,1.0,0.0,0.0,3
double-tongued,0.0,1.0,0.0,0.0,3
doubting,1.0,0.0,0.0,-0.34,2
dour,0.0,1.0,0.0,0.0,3
dowdy,0.0,1.0,0.0,0.0,3
down-to-earth,0.0,1.0,0.0,0.0,3
downtrodden,0.0,1.0,0.0,0.0,3
dramatic,0.0,1.0,0.0,0.0,3
dreamy,0.0,1.0,0.0,0.0,3
dreary,1.0,0.0,0.0,-0.34,2
dressy,0.0,1.0,0.0,0.0,3
droll,0.0,1.0,0.0,0.0,3
dubious,1.0,0.0,0.0,-0.3612,2
dull,1.0,0.0,0.0,-0.4019,1
dull-witted,0.0,1.0,0.0,0.0,3
dumb,1.0,0.0,0.0,-0.5106,1
durable,0.0,1.0,0.0,0.0,3
dutiful,0.0,1.0,0.0,0.0,3
dynamic,0.0,0.0,1.0,0.3818,4
eager,0.0,0.0,1.0,0.3612,4
eagle-eyed,0.0,1.0,0.0,0.0,3
earnest,0.0,0.0,1.0,0.5106,5
earthly-minded,0.0,1.0,0.0,0.0,3
earthly-wise,0.0,1.0,0.0,0.0,3
earthy,0.0,1.0,0.0,0.0,3
easeless,0.0,1.0,0.0,0.0,3
easygoing,0.0,0.0,1.0,0.3182,4
ebullient,0.0,1.0,0.0,0.0,3
eccentric,0.0,1.0,0.0,0.0,3
eclectic,0.0,1.0,0.0,0.0,3
economical,0.0,1.0,0.0,0.0,3
economizing,0.0,1.0,0.0,0.0,3
edgy,0.0,1.0,0.0,0.0,3
educable,0.0,1.0,0.0,0.0,3
educated,0.0,1.0,0.0,0.0,3
effective,0.0,0.0,1.0,0.4767,5
effeminate,0.0,1.0,0.0,0.0,3
effervescent,0.0,1.0,0.0,0.0,3
efficient,0.0,0.0,1.0,0.4215,5
effusive,0.0,1.0,0.0,0.0,3
egocentric,0.0,1.0,0.0,0.0,3
egotistical,1.0,0.0,0.0,-0.2263,2
elderly,0.0,1.0,0.0,0.0,3
elegant,0.0,0.0,1.0,0.4767,5
elfish,0.0,1.0,0.0,0.0,3
eloquent,0.0,1.0,0.0,0.0,3
elusive,0.0,1.0,0.0,0.0,3
emasculated,0.0,1.0,0.0,0.0,3
embarrassed,1.0,0.0,0.0,-0.3612,2
embarrassing,1.0,0.0,0.0,-0.3818,2
embellishing,0.0,1.0,0.0,0.0,3
embittered,1.0,0.0,0.0,-0.1027,2
embracing,0.0,1.0,0.0,0.0,3
emergent,0.0,1.0,0.0,0.0,3
emotional,0.0,0.0,1.0,0.1531,4
emotionless,0.0,1.0,0.0,0.0,3
empathetic,0.0,0.0,1.0,0.4019,5
empathic,0.0,1.0,0.0,0.0,3
emphatic,0.0,1.0,0.0,0.0,3
empirical,0.0,1.0,0.0,0.0,3
employed,0.0,1.0,0.0,0.0,3
empowering,0.0,1.0,0.0,0.0,3
encouraged,0.0,0.0,1.0,0.3612,4
encouraging,0.0,0.0,1.0,0.5267,5
encumbered,0.0,1.0,0.0,0.0,3
encyclopedic,0.0,1.0,0.0,0.0,3
energetic,0.0,0.0,1.0,0.4404,5
engaging,0.0,0.0,1.0,0.34,4
enigmatic,0.0,1.0,0.0,0.0,3
enlightened,0.0,0.0,1.0,0.4939,5
enterprising,0.0,0.0,1.0,0.5106,5
entertaining,0.0,0.0,1.0,0.4404,5
enthusiastic,0.0,0.0,1.0,0.4939,5
envious,1.0,0.0,0.0,-0.2732,2
equalitarian,0.0,1.0,0.0,0.0,3
equitable,0.0,1.0,0.0,0.0,3
equivocal,0.0,1.0,0.0,0.0,3
equivocating,0.0,1.0,0.0,0.0,3
erotic,0.0,1.0,0.0,0.0,3
erratic,0.0,1.0,0.0,0.0,3
erudite,0.0,1.0,0.0,0.0,3
esoteric,0.0,1.0,0.0,0.0,3
ethereal,0.0,1.0,0.0,0.0,3
ethical,0.0,0.0,1.0,0.5106,5
ethnocentric,0.0,1.0,0.0,0.0,3
evangelistic,0.0,1.0,0.0,0.0,3
evasive,0.0,1.0,0.0,0.0,3
even-handed,0.0,1.0,0.0,0.0,3
evil,1.0,0.0,0.0,-0.6597,1
exact,0.0,1.0,0.0,0.0,3
exacting,0.0,1.0,0.0,0.0,3
exaggerative,0.0,1.0,0.0,0.0,3
exasperated,1.0,0.0,0.0,-0.4215,1
excellent,0.0,0.0,1.0,0.5719,5
exceptional,0.0,1.0,0.0,0.0,3
excessive,0.0,1.0,0.0,0.0,3
excitable,0.0,0.0,1.0,0.3612,4
excited,0.0,0.0,1.0,0.34,4
exciting,0.0,0.0,1.0,0.4939,5
exclusive,0.0,0.0,1.0,0.128,4
exhausted,1.0,0.0,0.0,-0.3612,2
exhaustible,1.0,0.0,0.0,-0.25,2
exhaustive,1.0,0.0,0.0,-0.128,2
exhibitionistic,0.0,1.0,0.0,0.0,3
expansive,0.0,1.0,0.0,0.0,3
expectant,0.0,1.0,0.0,0.0,3
expedient,0.0,1.0,0.0,0.0,3
expeditious,0.0,1.0,0.0,0.0,3
experienced,0.0,1.0,0.0,0.0,3
experiential,0.0,1.0,0.0,0.0,3
experimenting,0.0,1.0,0.0,0.0,3
explicit,0.0,1.0,0.0,0.0,3
exploitative,0.0,1.0,0.0,0.0,3
explosive,0.0,1.0,0.0,0.0,3
expressive,0.0,1.0,0.0,0.0,3
extraordinary,0.0,1.0,0.0,0.0,3
extravagant,0.0,1.0,0.0,0.0,3
extraverted,0.0,1.0,0.0,0.0,3
extreme,0.0,1.0,0.0,0.0,3
extroverted,0.0,1.0,0.0,0.0,3
facetious,0.0,1.0,0.0,0.0,3
factious,0.0,1.0,0.0,0.0,3
faint-hearted,0.0,1.0,0.0,0.0,3
fair,0.0,0.0,1.0,0.3182,4
fair-minded,0.0,1.0,0.0,0.0,3
fair-natured,0.0,1.0,0.0,0.0,3
faithful,0.0,0.0,1.0,0.4404,5
faithless,1.0,0.0,0.0,-0.25,2
fake,1.0,0.0,0.0,-0.4767,1
false-hearted,0.0,1.0,0.0,0.0,3
faltering,0.0,1.0,0.0,0.0,3
familiar,0.0,1.0,0.0,0.0,3
famous,0.0,1.0,0.0,0.0,3
fanatical,0.0,1.0,0.0,0.0,3
fanciful,0.0,1.0,0.0,0.0,3
fancy,0.0,1.0,0.0,0.0,3
fancy-free,0.0,1.0,0.0,0.0,3
fantastical,0.0,0.0,1.0,0.4588,5
farseeing,0.0,1.0,0.0,0.0,3
fascinating,0.0,0.0,1.0,0.5423,5
fashionable,0.0,1.0,0.0,0.0,3
fastidious,0.0,1.0,0.0,0.0,3
fat,0.0,1.0,0.0,0.0,3
fatalistic,1.0,0.0,0.0,-0.25,2
fatherly,0.0,1.0,0.0,0.0,3
fatigueless,0.0,1.0,0.0,0.0,3
fatuous,0.0,1.0,0.0,0.0,3
faultfinding,1.0,0.0,0.0,-0.4767,1
fawning,0.0,1.0,0.0,0.0,3
fearful,1.0,0.0,0.0,-0.4939,1
fearless,0.0,0.0,1.0,0.4404,5
feckless,0.0,1.0,0.0,0.0,3
feeble-minded,0.0,1.0,0.0,0.0,3
feelingful,0.0,1.0,0.0,0.0,3
feelingless,0.0,1.0,0.0,0.0,3
felicitous,0.0,1.0,0.0,0.0,3
felonious,0.0,1.0,0.0,0.0,3
feminine,0.0,1.0,0.0,0.0,3
ferocious,1.0,0.0,0.0,-0.1027,2
fervent,0.0,0.0,1.0,0.2732,4
festive,0.0,0.0,1.0,0.4588,5
fickle,0.0,1.0,0.0,0.0,3
fidgety,1.0,0.0,0.0,-0.34,2
fiendish,0.0,1.0,0.0,0.0,3
fierce,0.0,1.0,0.0,0.0,3
fiery,1.0,0.0,0.0,-0.34,2
filthy,0.0,1.0,0.0,0.0,3
fine,0.0,0.0,1.0,0.2023,4
finicky,0.0,1.0,0.0,0.0,3
firm,0.0,1.0,0.0,0.0,3
fishy,0.0,1.0,0.0,0.0,3
flaky,0.0,1.0,0.0,0.0,3
flamboyant,0.0,1.0,0.0,0.0,3
flammable,0.0,1.0,0.0,0.0,3
flashy,0.0,1.0,0.0,0.0,3
flatterable,0.0,1.0,0.0,0.0,3
flattering,0.0,0.0,1.0,0.3182,4
flaunty,0.0,1.0,0.0,0.0,3
flawless,0.0,0.0,1.0,0.5106,5
flexible,0.0,0.0,1.0,0.2263,4
flighty,0.0,1.0,0.0,0.0,3
flinching,0.0,1.0,0.0,0.0,3
flippant,0.0,1.0,0.0,0.0,3
flirtatious,0.0,0.0,1.0,0.128,4
florid,0.0,1.0,0.0,0.0,3
fluid,0.0,1.0,0.0,0.0,3
fluttery,0.0,1.0,0.0,0.0,3
folksy,0.0,1.0,0.0,0.0,3
foolhardy,1.0,0.0,0.0,-0.34,2
foolish,1.0,0.0,0.0,-0.2732,2
footloose,0.0,1.0,0.0,0.0,3
foppish,0.0,1.0,0.0,0.0,3
forbearing,0.0,1.0,0.0,0.0,3
forceful,0.0,1.0,0.0,0.0,3
forceless,0.0,1.0,0.0,0.0,3
forcible,0.0,1.0,0.0,0.0,3
foresighted,0.0,1.0,0.0,0.0,3
foresightless,0.0,1.0,0.0,0.0,3
forethoughtful,0.0,1.0,0.0,0.0,3
forgetful,1.0,0.0,0.0,-0.2732,2
forgiving,0.0,0.0,1.0,0.4404,5
forlorn,0.0,1.0,0.0,0.0,3
formal,0.0,1.0,0.0,0.0,3
forthcoming,0.0,1.0,0.0,0.0,3
forthright,0.0,1.0,0.0,0.0,3
fortunate,0.0,0.0,1.0,0.4404,5
forward,0.0,1.0,0.0,0.0,3
forward-looking,0.0,1.0,0.0,0.0,3
foul-mouthed,0.0,1.0,0.0,0.0,3
foxy,0.0,1.0,0.0,0.0,3
fractious,0.0,1.0,0.0,0.0,3
fragile,0.0,1.0,0.0,0.0,3
frank,0.0,1.0,0.0,0.0,3
fraternal,0.0,1.0,0.0,0.0,3
fraudulent,1.0,0.0,0.0,-0.4939,1
free,0.0,0.0,1.0,0.5106,5
free-living,0.0,1.0,0.0,0.0,3
free-minded,0.0,1.0,0.0,0.0,3
free-thinking,0.0,1.0,0.0,0.0,3
frenetic,0.0,1.0,0.0,0.0,3
frenzied,0.0,1.0,0.0,0.0,3
fretful,0.0,1.0,0.0,0.0,3
fretless,0.0,1.0,0.0,0.0,3
fretting,0.0,1.0,0.0,0.0,3
friendly,0.0,0.0,1.0,0.4939,5
frightenable,0.0,1.0,0.0,0.0,3
frightened,1.0,0.0,0.0,-0.4404,1
frightening,1.0,0.0,0.0,-0.4939,1
frigid,0.0,1.0,0.0,0.0,3
frisky,0.0,0.0,1.0,0.25,4
frivolous,0.0,1.0,0.0,0.0,3
frolicsome,0.0,1.0,0.0,0.0,3
frugal,0.0,1.0,0.0,0.0,3
frustrated,1.0,0.0,0.0,-0.5267,1
frustrating,1.0,0.0,0.0,-0.4404,1
fumbling,0.0,1.0,0.0,0.0,3
funny,0.0,0.0,1.0,0.4404,5
furious,1.0,0.0,0.0,-0.5719,1
fussy,0.0,1.0,0.0,0.0,3
gabby,0.0,1.0,0.0,0.0,3
gallant,0.0,0.0,1.0,0.4019,5
garish,0.0,1.0,0.0,0.0,3
garrulous,0.0,1.0,0.0,0.0,3
gauche,0.0,1.0,0.0,0.0,3
gaudy,0.0,1.0,0.0,0.0,3
generative,0.0,1.0,0.0,0.0,3
generous,0.0,0.0,1.0,0.5106,5
genial,0.0,0.0,1.0,0.4215,5
genteel,0.0,1.0,0.0,0.0,3
gentle,0.0,0.0,1.0,0.4404,5
gentlemanlike,0.0,1.0,0.0,0.0,3
gentle-minded,0.0,1.0,0.0,0.0,3
genuine,0.0,1.0,0.0,0.0,3
giddy,1.0,0.0,0.0,-0.1531,2
gifted,0.0,1.0,0.0,0.0,3
giggly,0.0,0.0,1.0,0.25,4
girlish,0.0,1.0,0.0,0.0,3
giving,0.0,0.0,1.0,0.34,4
glad,0.0,0.0,1.0,0.4588,5
glamorous,0.0,0.0,1.0,0.5106,5
gleeful,0.0,0.0,1.0,0.5994,5
glib,0.0,1.0,0.0,0.0,3
gloating,0.0,1.0,0.0,0.0,3
gloomy,1.0,0.0,0.0,-0.1531,2
glum,1.0,0.0,0.0,-0.4767,1
gluttonous,0.0,1.0,0.0,0.0,3
goading,0.0,1.0,0.0,0.0,3
goatish,0.0,1.0,0.0,0.0,3
god-fearing,0.0,1.0,0.0,0.0,3
godless,0.0,1.0,0.0,0.0,3
good,0.0,0.0,1.0,0.4404,5
good-for-nothing,0.0,1.0,0.0,0.0,3
good-hearted,0.0,1.0,0.0,0.0,3
good-humored,0.0,1.0,0.0,0.0,3
good-looking,0.0,1.0,0.0,0.0,3
good-natured,0.0,1.0,0.0,0.0,3
good-tempered,0.0,1.0,0.0,0.0,3
gorgeous,0.0,0.0,1.0,0.6124,5
gossipy,1.0,0.0,0.0,-0.3182,2
gourmet,0.0,1.0,0.0,0.0,3
grabby,0.0,1.0,0.0,0.0,3
graceful,0.0,0.0,1.0,0.4588,5
graceless,0.0,1.0,0.0,0.0,3
gracious,0.0,0.0,1.0,0.5574,5
grand,0.0,0.0,1.0,0.4588,5
grandfatherly,0.0,1.0,0.0,0.0,3
grandiloquent,0.0,1.0,0.0,0.0,3
grandiose,0.0,1.0,0.0,0.0,3
grandmotherly,0.0,1.0,0.0,0.0,3
grateful,0.0,0.0,1.0,0.4588,5
grave,1.0,0.0,0.0,-0.3818,2
greasy,0.0,1.0,0.0,0.0,3
great,0.0,0.0,1.0,0.6249,5
great-hearted,0.0,1.0,0.0,0.0,3
greedy,1.0,0.0,0.0,-0.3182,2
gregarious,0.0,1.0,0.0,0.0,3
gritty,0.0,1.0,0.0,0.0,3
grouchy,1.0,0.0,0.0,-0.4404,1
grousing,0.0,1.0,0.0,0.0,3
groveling,0.0,1.0,0.0,0.0,3
grudging,0.0,1.0,0.0,0.0,3
gruff,0.0,1.0,0.0,0.0,3
grumbly,0.0,1.0,0.0,0.0,3
grumpy,0.0,1.0,0.0,0.0,3
guarded,0.0,1.0,0.0,0.0,3
guileless,0.0,1.0,0.0,0.0,3
guilt-free,0.0,1.0,0.0,0.0,3
guiltless,0.0,0.0,1.0,0.2023,4
guilty,1.0,0.0,0.0,-0.4215,1
gullible,1.0,0.0,0.0,-0.3612,2
gushy,0.0,1.0,0.0,0.0,3
gutless,0.0,1.0,0.0,0.0,3
gutsy,0.0,1.0,0.0,0.0,3
habitual,0.0,1.0,0.0,0.0,3
halfhearted,0.0,1.0,0.0,0.0,3
halfwitted,0.0,1.0,0.0,0.0,3
handicapped,0.0,1.0,0.0,0.0,3
handsome,0.0,0.0,1.0,0.4939,5
handy,0.0,1.0,0.0,0.0,3
haphazard,0.0,1.0,0.0,0.0,3
hapless,1.0,0.0,0.0,-0.34,2
happy,0.0,0.0,1.0,0.5719,5
happy-go-lucky,0.0,1.0,0.0,0.0,3
harassing,1.0,0.0,0.0,-0.5423,1
hard,1.0,0.0,0.0,-0.1027,2
hardened,0.0,1.0,0.0,0.0,3
hardheaded,0.0,1.0,0.0,0.0,3
hard-hearted,0.0,1.0,0.0,0.0,3
hard-nosed,0.0,1.0,0.0,0.0,3
hard-shelled,0.0,1.0,0.0,0.0,3
hardworking,0.0,1.0,0.0,0.0,3
hardy,0.0,0.0,1.0,0.4019,5
harebrained,0.0,1.0,0.0,0.0,3
harmless,0.0,0.0,1.0,0.25,4
harsh,1.0,0.0,0.0,-0.4404,1
hasty,0.0,1.0,0.0,0.0,3
hateful,1.0,0.0,0.0,-0.4939,1
haughty,0.0,1.0,0.0,0.0,3
headlong,0.0,1.0,0.0,0.0,3
headstrong,0.0,1.0,0.0,0.0,3
healthful,0.0,1.0,0.0,0.0,3
healthy,0.0,0.0,1.0,0.4019,5
heartbroken,1.0,0.0,0.0,-0.6486,1
heartless,1.0,0.0,0.0,-0.4939,1
heartsick,0.0,1.0,0.0,0.0,3
hearty,0.0,1.0,0.0,0.0,3
heavy-handed,0.0,1.0,0.0,0.0,3
hectic,0.0,1.0,0.0,0.0,3
heedful,0.0,1.0,0.0,0.0,3
heedless,0.0,1.0,0.0,0.0,3
helpful,0.0,0.0,1.0,0.4215,5
helpless,1.0,0.0,0.0,-0.4588,1
heretical,0.0,1.0,0.0,0.0,3
hermitish,0.0,1.0,0.0,0.0,3
heroic,0.0,0.0,1.0,0.5574,5
hesitant,1.0,0.0,0.0,-0.25,2
hidebound,0.0,1.0,0.0,0.0,3
highbrow,0.0,1.0,0.0,0.0,3
highfalutin,0.0,1.0,0.0,0.0,3
high-handed,0.0,1.0,0.0,0.0,3
high-minded,0.0,1.0,0.0,0.0,3
high-principled,0.0,1.0,0.0,0.0,3
high-spirited,0.0,1.0,0.0,0.0,3
high-strung,0.0,1.0,0.0,0.0,3
hilarious,0.0,0.0,1.0,0.4019,5
histrionic,0.0,1.0,0.0,0.0,3
hit-or-miss,0.0,1.0,0.0,0.0,3
hoggish,0.0,1.0,0.0,0.0,3
holier-than-thou,0.0,1.0,0.0,0.0,3
holy,0.0,1.0,0.0,0.0,3
homeless,0.0,1.0,0.0,0.0,3
homespun,0.0,1.0,0.0,0.0,3
homicidal,0.0,1.0,0.0,0.0,3
honest,0.0,0.0,1.0,0.5106,5
honorable,0.0,0.0,1.0,0.5423,5
hopeful,0.0,0.0,1.0,0.5106,5
hopeless,1.0,0.0,0.0,-0.4588,1
hospitable,0.0,1.0,0.0,0.0,3
hostile,1.0,0.0,0.0,-0.3818,2
hot-blooded,0.0,1.0,0.0,0.0,3
hotheaded,0.0,1.0,0.0,0.0,3
hot-tempered,0.0,1.0,0.0,0.0,3
humane,0.0,1.0,0.0,0.0,3
humanistic,0.0,1.0,0.0,0.0,3
humanitarian,0.0,1.0,0.0,0.0,3
humble,0.0,1.0,0.0,0.0,3
humiliated,1.0,0.0,0.0,-0.34,2
humiliating,1.0,0.0,0.0,-0.296,2
humorless,1.0,0.0,0.0,-0.3182,2
humorous,0.0,0.0,1.0,0.3818,4
hungry,0.0,1.0,0.0,0.0,3
hurtful,1.0,0.0,0.0,-0.5267,1
hygienic,0.0,1.0,0.0,0.0,3
hypercritical,0.0,1.0,0.0,0.0,3
hypersensitive,0.0,1.0,0.0,0.0,3
hypersensual,0.0,1.0,0.0,0.0,3
hypochondriac,0.0,1.0,0.0,0.0,3
hypocritical,1.0,0.0,0.0,-0.4588,1
hysterical,1.0,0.0,0.0,-0.0258,2
iconoclastic,0.0,1.0,0.0,0.0,3
icy,0.0,1.0,0.0,0.0,3
idealistic,0.0,0.0,1.0,0.4215,5
ideological,0.0,1.0,0.0,0.0,3
idiotic,1.0,0.0,0.0,-0.5574,1
idle,0.0,1.0,0.0,0.0,3
idolatrous,0.0,1.0,0.0,0.0,3
ignorant,1.0,0.0,0.0,-0.2732,2
ill-bred,0.0,1.0,0.0,0.0,3
ill-fated,0.0,1.0,0.0,0.0,3
ill-humored,0.0,1.0,0.0,0.0,3
illiterate,0.0,1.0,0.0,0.0,3
ill-mannered,0.0,1.0,0.0,0.0,3
ill-natured,0.0,1.0,0.0,0.0,3
illogical,0.0,1.0,0.0,0.0,3
ill-tempered,0.0,1.0,0.0,0.0,3
ill-willed,0.0,1.0,0.0,0.0,3
imaginative,0.0,1.0,0.0,0.0,3
imitative,0.0,1.0,0.0,0.0,3
immaculate,0.0,1.0,0.0,0.0,3
immature,0.0,1.0,0.0,0.0,3
immoderate,0.0,1.0,0.0,0.0,3
immodest,0.0,1.0,0.0,0.0,3
immoral,1.0,0.0,0.0,-0.4588,1
immovable,0.0,1.0,0.0,0.0,3
impaired,0.0,1.0,0.0,0.0,3
impartial,0.0,1.0,0.0,0.0,3
impassioned,0.0,1.0,0.0,0.0,3
impassive,0.0,1.0,0.0,0.0,3
impatient,1.0,0.0,0.0,-0.296,2
imperceptive,0.0,1.0,0.0,0.0,3
impersonal,1.0,0.0,0.0,-0.3182,2
impertinent,0.0,1.0,0.0,0.0,3
imperturbable,0.0,1.0,0.0,0.0,3
impetuous,0.0,1.0,0.0,0.0,3
impious,0.0,1.0,0.0,0.0,3
impish,0.0,1.0,0.0,0.0,3
implacable,0.0,1.0,0.0,0.0,3
impolite,1.0,0.0,0.0,-0.3818,2
impolitic,0.0,1.0,0.0,0.0,3
important,0.0,0.0,1.0,0.2023,4
imposing,1.0,0.0,0.0,-0.1027,2
impractical,0.0,1.0,0.0,0.0,3
imprecise,0.0,1.0,0.0,0.0,3
impressible,0.0,0.0,1.0,0.2023,4
impressionable,0.0,0.0,1.0,0.0516,4
impressive,0.0,0.0,1.0,0.5106,5
improper,0.0,1.0,0.0,0.0,3
improvident,0.0,1.0,0.0,0.0,3
improvising,0.0,1.0,0.0,0.0,3
imprudent,0.0,1.0,0.0,0.0,3
impudent,0.0,1.0,0.0,0.0,3
impulsive,0.0,1.0,0.0,0.0,3
inaccessible,0.0,1.0,0.0,0.0,3
inaccurate,0.0,1.0,0.0,0.0,3
inactive,0.0,1.0,0.0,0.0,3
inaggressive,0.0,1.0,0.0,0.0,3
inane,0.0,1.0,0.0,0.0,3
inarticulate,0.0,1.0,0.0,0.0,3
inattentive,0.0,1.0,0.0,0.0,3
incapable,1.0,0.0,0.0,-0.3818,2
incautious,0.0,1.0,0.0,0.0,3
incendiary,0.0,1.0,0.0,0.0,3
incisive,0.0,1.0,0.0,0.0,3
incoercible,0.0,1.0,0.0,0.0,3
incoherent,0.0,1.0,0.0,0.0,3
incompetent,1.0,0.0,0.0,-0.4767,1
incompliant,0.0,1.0,0.0,0.0,3
inconfident,0.0,1.0,0.0,0.0,3
inconfinable,0.0,1.0,0.0,0.0,3
incongenial,0.0,1.0,0.0,0.0,3
inconsiderate,1.0,0.0,0.0,-0.4404,1
inconsistent,0.0,1.0,0.0,0.0,3
inconsolable,0.0,1.0,0.0,0.0,3
inconstant,0.0,1.0,0.0,0.0,3
incontrollable,0.0,1.0,0.0,0.0,3
inconvincible,0.0,1.0,0.0,0.0,3
incorrigible,0.0,1.0,0.0,0.0,3
incorrupt,0.0,1.0,0.0,0.0,3
incorruptible,0.0,1.0,0.0,0.0,3
incredulous,0.0,1.0,0.0,0.0,3
incurious,0.0,1.0,0.0,0.0,3
indecent,0.0,1.0,0.0,0.0,3
indecisive,1.0,0.0,0.0,-0.25,2
indefatigable,0.0,1.0,0.0,0.0,3
indefinite,0.0,1.0,0.0,0.0,3
indeliberate,0.0,1.0,0.0,0.0,3
indelicate,0.0,1.0,0.0,0.0,3
independent,0.0,1.0,0.0,0.0,3
indestructible,0.0,0.0,1.0,0.1531,4
indifferent,1.0,0.0,0.0,-0.2023,2
indignant,1.0,0.0,0.0,-0.4215,1
indirect,0.0,1.0,0.0,0.0,3
indiscreet,0.0,1.0,0.0,0.0,3
indivertible,0.0,1.0,0.0,0.0,3
individualistic,0.0,1.0,0.0,0.0,3
indocile,0.0,1.0,0.0,0.0,3
indolent,0.0,1.0,0.0,0.0,3
indomitable,0.0,1.0,0.0,0.0,3
indulgent,0.0,1.0,0.0,0.0,3
industrious,0.0,1.0,0.0,0.0,3
inefficient,0.0,1.0,0.0,0.0,3
inelegant,0.0,1.0,0.0,0.0,3
ineloquent,0.0,1.0,0.0,0.0,3
inert,0.0,1.0,0.0,0.0,3
inexact,0.0,1.0,0.0,0.0,3
inexcitable,0.0,1.0,0.0,0.0,3
inexhaustible,0.0,1.0,0.0,0.0,3
inexperienced,0.0,1.0,0.0,0.0,3
inexplicit,0.0,1.0,0.0,0.0,3
inexpressive,0.0,1.0,0.0,0.0,3
infantile,0.0,1.0,0.0,0.0,3
inflammatory,0.0,1.0,0.0,0.0,3
inflexible,0.0,1.0,0.0,0.0,3
influential,0.0,0.0,1.0,0.4404,5
informal,0.0,1.0,0.0,0.0,3
informative,0.0,1.0,0.0,0.0,3
informed,0.0,1.0,0.0,0.0,3
ingenious,0.0,1.0,0.0,0.0,3
ingenuous,0.0,1.0,0.0,0.0,3
ingratiating,0.0,1.0,0.0,0.0,3
ingratiatory,0.0,1.0,0.0,0.0,3
inharmonious,0.0,1.0,0.0,0.0,3
inhibited,1.0,0.0,0.0,-0.1027,2
inhospitable,0.0,1.0,0.0,0.0,3
inhuman,0.0,1.0,0.0,0.0,3
inhumane,0.0,1.0,0.0,0.0,3
inirritable,0.0,1.0,0.0,0.0,3
initiating,0.0,1.0,0.0,0.0,3
injudicious,0.0,1.0,0.0,0.0,3
innocent,0.0,0.0,1.0,0.34,4
innovative,0.0,0.0,1.0,0.4404,5
inoffensive,0.0,1.0,0.0,0.0,3
inquiring,0.0,1.0,0.0,0.0,3
inquisitive,0.0,0.0,1.0,0.1779,4
inquisitorial,0.0,1.0,0.0,0.0,3
insane,1.0,0.0,0.0,-0.4019,1
insatiable,0.0,1.0,0.0,0.0,3
insecure,1.0,0.0,0.0,-0.4215,1
insensate,0.0,1.0,0.0,0.0,3
insensitive,1.0,0.0,0.0,-0.2263,2
insensuous,0.0,1.0,0.0,0.0,3
insightful,0.0,1.0,0.0,0.0,3
insincere,1.0,0.0,0.0,-0.4215,1
insinuating,0.0,1.0,0.0,0.0,3
insistent,0.0,1.0,0.0,0.0,3
insolent,0.0,1.0,0.0,0.0,3
inspirational,0.0,0.0,1.0,0.5106,5
inspired,0.0,0.0,1.0,0.4939,5
instructible,0.0,1.0,0.0,0.0,3
insubordinate,0.0,1.0,0.0,0.0,3
insulting,1.0,0.0,0.0,-0.4939,1
insuppressible,0.0,1.0,0.0,0.0,3
intellectual,0.0,0.0,1.0,0.5106,5
intelligent,0.0,0.0,1.0,0.4588,5
intemperate,0.0,1.0,0.0,0.0,3
intense,0.0,0.0,1.0,0.0772,4
interested,0.0,0.0,1.0,0.4019,5
interesting,0.0,0.0,1.0,0.4019,5
interfering,0.0,1.0,0.0,0.0,3
intimate,0.0,1.0,0.0,0.0,3
intimidating,1.0,0.0,0.0,-0.4404,1
intolerant,0.0,1.0,0.0,0.0,3
intransigent,0.0,1.0,0.0,0.0,3
intrepid,0.0,1.0,0.0,0.0,3
intricate,0.0,0.0,1.0,0.1531,4
introspective,0.0,1.0,0.0,0.0,3
introverted,0.0,1.0,0.0,0.0,3
intrusive,0.0,1.0,0.0,0.0,3
intuiting,0.0,1.0,0.0,0.0,3
intuitive,0.0,1.0,0.0,0.0,3
invalidating,0.0,1.0,0.0,0.0,3
invariable,0.0,1.0,0.0,0.0,3
inventive,0.0,1.0,0.0,0.0,3
invidious,0.0,1.0,0.0,0.0,3
invincible,0.0,0.0,1.0,0.4939,5
inviting,0.0,0.0,1.0,0.3182,4
involved,0.0,1.0,0.0,0.0,3
inward,0.0,1.0,0.0,0.0,3
irascible,0.0,1.0,0.0,0.0,3
iron-hearted,0.0,1.0,0.0,0.0,3
ironical,0.0,1.0,0.0,0.0,3
irrational,1.0,0.0,0.0,-0.34,2
irreformable,0.0,1.0,0.0,0.0,3
irreligious,0.0,1.0,0.0,0.0,3
irrepressible,0.0,1.0,0.0,0.0,3
irresolute,1.0,0.0,0.0,-0.34,2
irresponsible,1.0,0.0,0.0,-0.4404,1
irrestrainable,0.0,1.0,0.0,0.0,3
irreverent,0.0,1.0,0.0,0.0,3
irritable,1.0,0.0,0.0,-0.4767,1
irritated,1.0,0.0,0.0,-0.4588,1
irritating,1.0,0.0,0.0,-0.4588,1
jabbering,0.0,1.0,0.0,0.0,3
jaded,1.0,0.0,0.0,-0.3818,2
jaunty,0.0,0.0,1.0,0.296,4
jazzy,0.0,1.0,0.0,0.0,3
jealous,1.0,0.0,0.0,-0.4588,1
jeering,0.0,1.0,0.0,0.0,3
jocular,0.0,0.0,1.0,0.296,4
jolly,0.0,0.0,1.0,0.5106,5
jovial,0.0,0.0,1.0,0.4404,5
joyful,0.0,0.0,1.0,0.5994,5
joyless,1.0,0.0,0.0,-0.5423,1
joyous,0.0,0.0,1.0,0.6249,5
judgmental,0.0,1.0,0.0,0.0,3
judicious,0.0,1.0,0.0,0.0,3
jumpy,1.0,0.0,0.0,-0.25,2
just,0.0,1.0,0.0,0.0,3
juvenile,0.0,1.0,0.0,0.0,3
keen,0.0,0.0,1.0,0.3612,4
kind,0.0,0.0,1.0,0.5267,5
kindhearted,0.0,1.0,0.0,0.0,3
kindly,0.0,0.0,1.0,0.4939,5
kingly,0.0,1.0,0.0,0.0,3
kinky,0.0,1.0,0.0,0.0,3
kittenish,0.0,1.0,0.0,0.0,3
knavish,0.0,1.0,0.0,0.0,3
know-it-all,0.0,1.0,0.0,0.0,3
knowledgeable,0.0,1.0,0.0,0.0,3
labile,0.0,1.0,0.0,0.0,3
lachrymose,0.0,1.0,0.0,0.0,3
lackadaisical,1.0,0.0,0.0,-0.3818,2
lackluster,0.0,1.0,0.0,0.0,3
laconic,0.0,1.0,0.0,0.0,3
ladylike,0.0,1.0,0.0,0.0,3
laid-back,0.0,1.0,0.0,0.0,3
lamblike,0.0,1.0,0.0,0.0,3
languid,0.0,1.0,0.0,0.0,3
larcenous,0.0,1.0,0.0,0.0,3
lascivious,0.0,1.0,0.0,0.0,3
laughing,0.0,0.0,1.0,0.4939,5
laughterless,0.0,1.0,0.0,0.0,3
lavish,0.0,1.0,0.0,0.0,3
law-abiding,0.0,1.0,0.0,0.0,3
lawless,0.0,1.0,0.0,0.0,3
lax,0.0,1.0,0.0,0.0,3
lazy,1.0,0.0,0.0,-0.3612,2
leadable,0.0,1.0,0.0,0.0,3
learned,0.0,1.0,0.0,0.0,3
lecherous,0.0,1.0,0.0,0.0,3
lecturing,0.0,1.0,0.0,0.0,3
leering,0.0,1.0,0.0,0.0,3
left-handed,0.0,1.0,0.0,0.0,3
legalistic,0.0,1.0,0.0,0.0,3
leisureless,0.0,1.0,0.0,0.0,3
leisurely,0.0,1.0,0.0,0.0,3
lenient,0.0,0.0,1.0,0.2732,4
lethargic,1.0,0.0,0.0,-0.296,2
levelheaded,0.0,1.0,0.0,0.0,3
lewd,0.0,1.0,0.0,0.0,3
liberal,0.0,1.0,0.0,0.0,3
liberated,0.0,1.0,0.0,0.0,3
libidinous,0.0,1.0,0.0,0.0,3
licentious,0.0,1.0,0.0,0.0,3
lifeless,0.0,1.0,0.0,0.0,3
life-weary,0.0,1.0,0.0,0.0,3
lighthearted,0.0,0.0,1.0,0.4215,5
likeable,0.0,0.0,1.0,0.4588,5
lily-livered,0.0,1.0,0.0,0.0,3
lion-hearted,0.0,1.0,0.0,0.0,3
listless,0.0,1.0,0.0,0.0,3
literal,0.0,1.0,0.0,0.0,3
literary,0.0,1.0,0.0,0.0,3
literate,0.0,1.0,0.0,0.0,3
little,0.0,1.0,0.0,0.0,3
live,0.0,1.0,0.0,0.0,3
lively,0.0,0.0,1.0,0.4404,5
logical,0.0,1.0,0.0,0.0,3
lonely,1.0,0.0,0.0,-0.3612,2
lonesome,1.0,0.0,0.0,-0.3612,2
longing,1.0,0.0,0.0,-0.0258,2
long-suffering,0.0,1.0,0.0,0.0,3
long-winded,0.0,1.0,0.0,0.0,3
loony,0.0,1.0,0.0,0.0,3
loopy,0.0,1.0,0.0,0.0,3
loose,1.0,0.0,0.0,-0.3182,2
loose-tongued,0.0,1.0,0.0,0.0,3
loquacious,0.0,1.0,0.0,0.0,3
lordly,0.0,1.0,0.0,0.0,3
loud,0.0,1.0,0.0,0.0,3
loudmouthed,0.0,1.0,0.0,0.0,3
loutish,0.0,1.0,0.0,0.0,3
lovable,0.0,0.0,1.0,0.6124,5
loveless,0.0,1.0,0.0,0.0,3
lovely,0.0,0.0,1.0,0.5859,5
loving,0.0,0.0,1.0,0.5994,5
lowbrow,1.0,0.0,0.0,-0.4404,1
low-key,0.0,1.0,0.0,0.0,3
loyal,0.0,0.0,1.0,0.4767,5
lucid,0.0,1.0,0.0,0.0,3
luckless,1.0,0.0,0.0,-0.3182,2
lucky,0.0,0.0,1.0,0.4215,5
lugubrious,1.0,0.0,0.0,-0.4767,1
lukewarm,0.0,1.0,0.0,0.0,3
lustful,0.0,1.0,0.0,0.0,3
lustless,0.0,1.0,0.0,0.0,3
lusty,0.0,1.0,0.0,0.0,3
luxurious,0.0,1.0,0.0,0.0,3
lyrical,0.0,1.0,0.0,0.0,3
macabre,0.0,1.0,0.0,0.0,3
mad,1.0,0.0,0.0,-0.4939,1
magisterial,0.0,1.0,0.0,0.0,3
magnanimous,0.0,1.0,0.0,0.0,3
magnetic,0.0,1.0,0.0,0.0,3
maladjusted,0.0,1.0,0.0,0.0,3
maladroit,0.0,1.0,0.0,0.0,3
malcontented,0.0,1.0,0.0,0.0,3
malevolent,0.0,1.0,0.0,0.0,3
malicious,0.0,1.0,0.0,0.0,3
malingering,0.0,1.0,0.0,0.0,3
malleable,0.0,1.0,0.0,0.0,3
maniacal,1.0,0.0,0.0,-0.0772,2
manipulable,0.0,1.0,0.0,0.0,3
manipulative,0.0,1.0,0.0,0.0,3
manly,0.0,1.0,0.0,0.0,3
mannerless,0.0,1.0,0.0,0.0,3
mannerly,0.0,1.0,0.0,0.0,3
mannish,0.0,1.0,0.0,0.0,3
many-sided,0.0,1.0,0.0,0.0,3
masculine,0.0,1.0,0.0,0.0,3
masochistic,1.0,0.0,0.0,-0.4939,1
matchmaking,0.0,1.0,0.0,0.0,3
materialistic,0.0,1.0,0.0,0.0,3
maternal,0.0,1.0,0.0,0.0,3
mathematical,0.0,1.0,0.0,0.0,3
matriarchal,0.0,1.0,0.0,0.0,3
matronly,0.0,1.0,0.0,0.0,3
matter-of-fact,0.0,1.0,0.0,0.0,3
mature,0.0,0.0,1.0,0.4215,5
maudlin,0.0,1.0,0.0,0.0,3
mawkish,0.0,1.0,0.0,0.0,3
mean,0.0,1.0,0.0,0.0,3
meandering,0.0,1.0,0.0,0.0,3
mean-spirited,0.0,1.0,0.0,0.0,3
mechanistic,0.0,1.0,0.0,0.0,3
meddlesome,0.0,1.0,0.0,0.0,3
meddling,0.0,1.0,0.0,0.0,3
meditative,0.0,0.0,1.0,0.34,4
meek,0.0,1.0,0.0,0.0,3
megalomaniacal,0.0,1.0,0.0,0.0,3
melancholic,1.0,0.0,0.0,-0.0772,2
melancholy,1.0,0.0,0.0,-0.4404,1
mellow,0.0,1.0,0.0,0.0,3
melodramatic,0.0,1.0,0.0,0.0,3
menacing,0.0,1.0,0.0,0.0,3
mendacious,0.0,1.0,0.0,0.0,3
mendicant,0.0,1.0,0.0,0.0,3
mentoring,0.0,1.0,0.0,0.0,3
mercenary,0.0,1.0,0.0,0.0,3
merciful,0.0,1.0,0.0,0.0,3
merciless,0.0,1.0,0.0,0.0,3
mercurial,0.0,1.0,0.0,0.0,3
merry,0.0,0.0,1.0,0.5423,5
messy,1.0,0.0,0.0,-0.3612,2
methodical,0.0,0.0,1.0,0.1531,4
meticulous,0.0,1.0,0.0,0.0,3
middle-aged,0.0,1.0,0.0,0.0,3
middle-class,0.0,1.0,0.0,0.0,3
mild,0.0,1.0,0.0,0.0,3
mild-hearted,0.0,1.0,0.0,0.0,3
militant,0.0,1.0,0.0,0.0,3
militaristic,0.0,1.0,0.0,0.0,3
mindful,0.0,1.0,0.0,0.0,3
minimizing,0.0,1.0,0.0,0.0,3
ministerial,0.0,1.0,0.0,0.0,3
ministrative,0.0,1.0,0.0,0.0,3
mirthful,0.0,0.0,1.0,0.5719,5
mirthless,0.0,1.0,0.0,0.0,3
misanthropic,0.0,1.0,0.0,0.0,3
mischievous,0.0,1.0,0.0,0.0,3
miserable,1.0,0.0,0.0,-0.4939,1
miserly,1.0,0.0,0.0,-0.34,2
misleadable,0.0,1.0,0.0,0.0,3
mistrustful,0.0,1.0,0.0,0.0,3
mocking,1.0,0.0,0.0,-0.4019,1
moderate,0.0,1.0,0.0,0.0,3
modern,0.0,1.0,0.0,0.0,3
modest,0.0,1.0,0.0,0.0,3
moldable,0.0,1.0,0.0,0.0,3
money-grubbing,0.0,1.0,0.0,0.0,3
monkish,0.0,1.0,0.0,0.0,3
monosyllabic,0.0,1.0,0.0,0.0,3
monotonous,0.0,1.0,0.0,0.0,3
moody,1.0,0.0,0.0,-0.3612,2
moony,0.0,1.0,0.0,0.0,3
moping,1.0,0.0,0.0,-0.25,2
moral,0.0,1.0,0.0,0.0,3
moralistic,0.0,1.0,0.0,0.0,3
moralizing,0.0,1.0,0.0,0.0,3
morbid,0.0,1.0,0.0,0.0,3
moronic,1.0,0.0,0.0,-0.5719,1
morose,0.0,1.0,0.0,0.0,3
mothering,0.0,1.0,0.0,0.0,3
motherly,0.0,1.0,0.0,0.0,3
motley,0.0,1.0,0.0,0.0,3
mousy,0.0,1.0,0.0,0.0,3
mouthy,0.0,1.0,0.0,0.0,3
muddle-headed,0.0,1.0,0.0,0.0,3
mulish,0.0,1.0,0.0,0.0,3
mumbling,0.0,1.0,0.0,0.0,3
mundane,0.0,1.0,0.0,0.0,3
munificent,0.0,1.0,0.0,0.0,3
murderous,1.0,0.0,0.0,-0.6369,1
muscular,0.0,1.0,0.0,0.0,3
mushy,0.0,1.0,0.0,0.0,3
musical,0.0,1.0,0.0,0.0,3
mussy,0.0,1.0,0.0,0.0,3
mutinous,0.0,1.0,0.0,0.0,3
mysterious,0.0,1.0,0.0,0.0,3
mystical,0.0,1.0,0.0,0.0,3
nagging,1.0,0.0,0.0,-0.4019,1
naive,1.0,0.0,0.0,-0.2732,2
namby-pamby,0.0,1.0,0.0,0.0,3
narrow,0.0,1.0,0.0,0.0,3
narrow-minded,0.0,1.0,0.0,0.0,3
nasty,1.0,0.0,0.0,-0.5574,1
nationalistic,0.0,1.0,0.0,0.0,3
natural,0.0,0.0,1.0,0.3612,4
naughty,0.0,1.0,0.0,0.0,3
neat,0.0,0.0,1.0,0.4588,5
needy,1.0,0.0,0.0,-0.34,2
nefarious,0.0,1.0,0.0,0.0,3
negative,1.0,0.0,0.0,-0.5719,1
negativistic,0.0,1.0,0.0,0.0,3
neglected,1.0,0.0,0.0,-0.5267,1
neglectful,1.0,0.0,0.0,-0.4588,1
neglecting,1.0,0.0,0.0,-0.4019,1
negligent,0.0,1.0,0.0,0.0,3
neighborly,0.0,1.0,0.0,0.0,3
nervous,1.0,0.0,0.0,-0.2732,2
nervy,0.0,1.0,0.0,0.0,3
neurotic,1.0,0.0,0.0,-0.34,2
neutral,0.0,1.0,0.0,0.0,3
nice,0.0,0.0,1.0,0.4215,5
niggardly,0.0,1.0,0.0,0.0,3
nihilistic,0.0,1.0,0.0,0.0,3
nimble-witted,0.0,1.0,0.0,0.0,3
noble,0.0,0.0,1.0,0.4588,5
nocturnal,0.0,1.0,0.0,0.0,3
noisy,1.0,0.0,0.0,-0.1779,2
nonbelligerent,0.0,1.0,0.0,0.0,3
nonchalant,0.0,1.0,0.0,0.0,3
noncoercive,0.0,1.0,0.0,0.0,3
noncommittal,0.0,1.0,0.0,0.0,3
noncompliant,0.0,1.0,0.0,0.0,3
nonconforming,0.0,1.0,0.0,0.0,3
nondescript,0.0,1.0,0.0,0.0,3
nonegotistical,0.0,1.0,0.0,0.0,3
nonexplosive,0.0,1.0,0.0,0.0,3
nonhostile,0.0,1.0,0.0,0.0,3
nonimitative,0.0,1.0,0.0,0.0,3
noninterfering,0.0,1.0,0.0,0.0,3
nonirritable,0.0,1.0,0.0,0.0,3
nonpersistent,0.0,1.0,0.0,0.0,3
nonrational,0.0,1.0,0.0,0.0,3
nonreligious,0.0,1.0,0.0,0.0,3
nonrigid,0.0,1.0,0.0,0.0,3
nonsensical,0.0,1.0,0.0,0.0,3
nonspiritual,0.0,1.0,0.0,0.0,3
nonunderstanding,0.0,1.0,0.0,0.0,3
nonvariant,0.0,1.0,0.0,0.0,3
nonvocal,0.0,1.0,0.0,0.0,3
nonvolatile,0.0,1.0,0.0,0.0,3
normal,0.0,1.0,0.0,0.0,3
nosy,0.0,1.0,0.0,0.0,3
noticeable,0.0,1.0,0.0,0.0,3
nurturing,0.0,0.0,1.0,0.4588,5
nutty,0.0,1.0,0.0,0.0,3
nymphomaniacal,0.0,1.0,0.0,0.0,3
obdurate,0.0,1.0,0.0,0.0,3
obedient,0.0,1.0,0.0,0.0,3
obeying,0.0,1.0,0.0,0.0,3
objective,0.0,1.0,0.0,0.0,3
obliging,0.0,1.0,0.0,0.0,3
oblivious,0.0,1.0,0.0,0.0,3
obnoxious,1.0,0.0,0.0,-0.4588,1
obscene,1.0,0.0,0.0,-0.5859,1
obsequious,0.0,1.0,0.0,0.0,3
observant,0.0,1.0,0.0,0.0,3
obsessive,1.0,0.0,0.0,-0.2263,2
obstinate,1.0,0.0,0.0,-0.296,2
obstreperous,0.0,1.0,0.0,0.0,3
obstructive,0.0,1.0,0.0,0.0,3
obtrusive,0.0,1.0,0.0,0.0,3
obtuse,0.0,1.0,0.0,0.0,3
odd,1.0,0.0,0.0,-0.3182,2
off-color,0.0,1.0,0.0,0.0,3
offensive,1.0,0.0,0.0,-0.4588,1
officious,0.0,1.0,0.0,0.0,3
old,0.0,1.0,0.0,0.0,3
old-fashioned,0.0,1.0,0.0,0.0,3
oleaginous,0.0,1.0,0.0,0.0,3
ominous,1.0,0.0,0.0,-0.34,2
one-sided,0.0,1.0,0.0,0.0,3
opaque,0.0,1.0,0.0,0.0,3
open,0.0,1.0,0.0,0.0,3
open-ended,0.0,1.0,0.0,0.0,3
open-faced,0.0,1.0,0.0,0.0,3
open-hearted,0.0,1.0,0.0,0.0,3
open-minded,0.0,1.0,0.0,0.0,3
opinionated,0.0,1.0,0.0,0.0,3
opportunistic,1.0,0.0,0.0,-0.0258,2
optimistic,0.0,0.0,1.0,0.3182,4
orderly,0.0,1.0,0.0,0.0,3
ordinary,0.0,1.0,0.0,0.0,3
organized,0.0,1.0,0.0,0.0,3
original,0.0,0.0,1.0,0.3182,4
ornery,0.0,1.0,0.0,0.0,3
orthodox,0.0,1.0,0.0,0.0,3
ostentatious,0.0,1.0,0.0,0.0,3
otherworldly,0.0,1.0,0.0,0.0,3
other-worldly,0.0,1.0,0.0,0.0,3
outgoing,0.0,0.0,1.0,0.296,4
outraged,1.0,0.0,0.0,-0.5423,1
outspoken,0.0,1.0,0.0,0.0,3
outstanding,0.0,0.0,1.0,0.6124,5
overactive,0.0,1.0,0.0,0.0,3
overambitious,0.0,1.0,0.0,0.0,3
overanxious,0.0,1.0,0.0,0.0,3
overbearing,0.0,1.0,0.0,0.0,3
overbitter,0.0,1.0,0.0,0.0,3
overbold,0.0,1.0,0.0,0.0,3
overbookish,0.0,1.0,0.0,0.0,3
overbrave,0.0,1.0,0.0,0.0,3
overbusy,0.0,1.0,0.0,0.0,3
overcareful,0.0,1.0,0.0,0.0,3
overcaring,0.0,1.0,0.0,0.0,3
overcasual,0.0,1.0,0.0,0.0,3
overcautious,0.0,1.0,0.0,0.0,3
overcharitable,0.0,1.0,0.0,0.0,3
overcompassionate,0.0,1.0,0.0,0.0,3
overconfident,0.0,1.0,0.0,0.0,3
overconscientious,0.0,1.0,0.0,0.0,3
overcredulous,0.0,1.0,0.0,0.0,3
overcritical,0.0,1.0,0.0,0.0,3
overcunning,0.0,1.0,0.0,0.0,3
overcurious,0.0,1.0,0.0,0.0,3
overdaring,0.0,1.0,0.0,0.0,3
overdiligent,0.0,1.0,0.0,0.0,3
overeager,0.0,1.0,0.0,0.0,3
overearnest,0.0,1.0,0.0,0.0,3
overelegant,0.0,1.0,0.0,0.0,3
overemotional,0.0,1.0,0.0,0.0,3
overemphatic,0.0,1.0,0.0,0.0,3
overexcitable,0.0,1.0,0.0,0.0,3
overfastidious,0.0,1.0,0.0,0.0,3
overfearful,0.0,1.0,0.0,0.0,3
overfierce,0.0,1.0,0.0,0.0,3
overforward,0.0,1.0,0.0,0.0,3
overgreedy,0.0,1.0,0.0,0.0,3
overharsh,0.0,1.0,0.0,0.0,3
overhasty,0.0,1.0,0.0,0.0,3
overimaginative,0.0,1.0,0.0,0.0,3
overindulgent,0.0,1.0,0.0,0.0,3
overintense,0.0,1.0,0.0,0.0,3
overjealous,0.0,1.0,0.0,0.0,3
overkind,0.0,1.0,0.0,0.0,3
overlogical,0.0,1.0,0.0,0.0,3
overloud,0.0,1.0,0.0,0.0,3
overlusty,0.0,1.0,0.0,0.0,3
overmasculine,0.0,1.0,0.0,0.0,3
overmerry,0.0,1.0,0.0,0.0,3
overmodest,0.0,1.0,0.0,0.0,3
overneat,0.0,1.0,0.0,0.0,3
overnervous,0.0,1.0,0.0,0.0,3
overpartial,0.0,1.0,0.0,0.0,3
overparticular,0.0,1.0,0.0,0.0,3
overpassionate,0.0,1.0,0.0,0.0,3
overpatient,0.0,1.0,0.0,0.0,3
overprompt,0.0,1.0,0.0,0.0,3
overproud,0.0,1.0,0.0,0.0,3
overquiet,0.0,1.0,0.0,0.0,3
overrash,0.0,1.0,0.0,0.0,3
overrated,0.0,1.0,0.0,0.0,3
overrefined,0.0,1.0,0.0,0.0,3
overrelaxed,0.0,1.0,0.0,0.0,3
overrighteous,0.0,1.0,0.0,0.0,3
overrigid,0.0,1.0,0.0,0.0,3
overrigorous,0.0,1.0,0.0,0.0,3
overscrupulous,0.0,1.0,0.0,0.0,3
oversensitive,0.0,1.0,0.0,0.0,3
oversentimental,0.0,1.0,0.0,0.0,3
overserious,0.0,1.0,0.0,0.0,3
oversevere,0.0,1.0,0.0,0.0,3
overslow,0.0,1.0,0.0,0.0,3
oversolicitous,0.0,1.0,0.0,0.0,3
overspeedy,0.0,1.0,0.0,0.0,3
overstepping,0.0,1.0,0.0,0.0,3
overstrict,0.0,1.0,0.0,0.0,3
overstudious,0.0,1.0,0.0,0.0,3
oversubtle,0.0,1.0,0.0,0.0,3
oversuspicious,0.0,1.0,0.0,0.0,3
overtalkative,0.0,1.0,0.0,0.0,3
overthoughtful,0.0,1.0,0.0,0.0,3
overtolerant,0.0,1.0,0.0,0.0,3
overtrained,0.0,1.0,0.0,0.0,3
overtrusting,0.0,1.0,0.0,0.0,3
overvaliant,0.0,1.0,0.0,0.0,3
overviolent,0.0,1.0,0.0,0.0,3
overwary,0.0,1.0,0.0,0.0,3
overweening,0.0,1.0,0.0,0.0,3
overwhelmed,0.0,0.0,1.0,0.0516,4
overwomanly,0.0,1.0,0.0,0.0,3
overworked,0.0,1.0,0.0,0.0,3
overzealous,0.0,1.0,0.0,0.0,3
pacifistic,0.0,1.0,0.0,0.0,3
pacifying,0.0,1.0,0.0,0.0,3
painstaking,0.0,1.0,0.0,0.0,3
pandering,0.0,1.0,0.0,0.0,3
panicky,1.0,0.0,0.0,-0.3612,2
paranoid,1.0,0.0,0.0,-0.25,2
parasitic,0.0,1.0,0.0,0.0,3
parental,0.0,1.0,0.0,0.0,3
parsimonious,0.0,1.0,0.0,0.0,3
participative,0.0,1.0,0.0,0.0,3
particular,0.0,1.0,0.0,0.0,3
partisan,0.0,1.0,0.0,0.0,3
passionate,0.0,0.0,1.0,0.5267,5
passionless,1.0,0.0,0.0,-0.4404,1
passive,0.0,0.0,1.0,0.2023,4
paternal,0.0,1.0,0.0,0.0,3
pathetic,1.0,0.0,0.0,-0.5719,1
patient,0.0,1.0,0.0,0.0,3
patriarchal,0.0,1.0,0.0,0.0,3
patriotic,0.0,1.0,0.0,0.0,3
patronizing,0.0,1.0,0.0,0.0,3
peaceful,0.0,0.0,1.0,0.4939,5
peacemaking,0.0,0.0,1.0,0.4019,5
peculiar,0.0,0.0,1.0,0.1531,4
pedagogical,0.0,1.0,0.0,0.0,3
pedantic,0.0,1.0,0.0,0.0,3
pedestrian,0.0,1.0,0.0,0.0,3
peevish,0.0,1.0,0.0,0.0,3
penetrative,0.0,1.0,0.0,0.0,3
penitent,0.0,1.0,0.0,0.0,3
penny-wise,0.0,1.0,0.0,0.0,3
pensive,0.0,0.0,1.0,0.0772,4
peppery,0.0,1.0,0.0,0.0,3
peppy,0.0,1.0,0.0,0.0,3
perceiving,0.0,1.0,0.0,0.0,3
perceptive,0.0,1.0,0.0,0.0,3
perfectionistic,0.0,0.0,1.0,0.1779,4
peripatetic,0.0,1.0,0.0,0.0,3
perky,0.0,1.0,0.0,0.0,3
persecuting,1.0,0.0,0.0,-0.3612,2
persecutive,0.0,1.0,0.0,0.0,3
persevering,0.0,1.0,0.0,0.0,3
persistent,0.0,1.0,0.0,0.0,3
personable,0.0,1.0,0.0,0.0,3
perspectiveless,0.0,1.0,0.0,0.0,3
perspicacious,0.0,1.0,0.0,0.0,3
persuadable,0.0,1.0,0.0,0.0,3
persuasive,0.0,1.0,0.0,0.0,3
pert,0.0,1.0,0.0,0.0,3
perturbable,0.0,1.0,0.0,0.0,3
perverse,1.0,0.0,0.0,-0.4215,1
perverted,1.0,0.0,0.0,-0.5423,1
pesky,1.0,0.0,0.0,-0.296,2
pessimistic,1.0,0.0,0.0,-0.3612,2
petty,1.0,0.0,0.0,-0.2023,2
petulant,0.0,1.0,0.0,0.0,3
philandering,0.0,1.0,0.0,0.0,3
philanthropic,0.0,1.0,0.0,0.0,3
philosophical,0.0,1.0,0.0,0.0,3
philosophizing,0.0,1.0,0.0,0.0,3
phony,0.0,1.0,0.0,0.0,3
physical,0.0,1.0,0.0,0.0,3
picky,0.0,1.0,0.0,0.0,3
piggish,0.0,1.0,0.0,0.0,3
pigheaded,0.0,1.0,0.0,0.0,3
pioneering,0.0,1.0,0.0,0.0,3
pious,0.0,1.0,0.0,0.0,3
pithy,0.0,1.0,0.0,0.0,3
pitiless,1.0,0.0,0.0,-0.4215,1
placating,0.0,1.0,0.0,0.0,3
placid,0.0,1.0,0.0,0.0,3
plain,0.0,1.0,0.0,0.0,3
plain-dealing,0.0,1.0,0.0,0.0,3
plain-spoken,0.0,1.0,0.0,0.0,3
planful,0.0,1.0,0.0,0.0,3
planless,0.0,1.0,0.0,0.0,3
platitudinous,0.0,1.0,0.0,0.0,3
playful,0.0,0.0,1.0,0.4404,5
pleasant,0.0,0.0,1.0,0.5106,5
pleased,0.0,0.0,1.0,0.4404,5
pleasing,0.0,0.0,1.0,0.5267,5
pleasure-loving,0.0,1.0,0.0,0.0,3
pleasure-seeking,0.0,1.0,0.0,0.0,3
pliable,0.0,1.0,0.0,0.0,3
pliant,0.0,1.0,0.0,0.0,3
plodding,0.0,1.0,0.0,0.0,3
plotting,0.0,1.0,0.0,0.0,3
plucky,0.0,1.0,0.0,0.0,3
poetic,0.0,1.0,0.0,0.0,3
poised,0.0,0.0,1.0,0.25,4
polemical,0.0,1.0,0.0,0.0,3
polished,0.0,1.0,0.0,0.0,3
polite,0.0,1.0,0.0,0.0,3
political,0.0,1.0,0.0,0.0,3
pompous,0.0,1.0,0.0,0.0,3
ponderous,0.0,1.0,0.0,0.0,3
pontifical,0.0,1.0,0.0,0.0,3
pooh-poohing,0.0,1.0,0.0,0.0,3
poor,1.0,0.0,0.0,-0.4767,1
popular,0.0,0.0,1.0,0.4215,5
posed,0.0,1.0,0.0,0.0,3
positive,0.0,0.0,1.0,0.5574,5
possessive,1.0,0.0,0.0,-0.2263,2
pouty,0.0,1.0,0.0,0.0,3
powerful,0.0,0.0,1.0,0.4215,5
practical,0.0,1.0,0.0,0.0,3
pragmatic,0.0,1.0,0.0,0.0,3
praising,0.0,0.0,1.0,0.5423,5
prankish,0.0,1.0,0.0,0.0,3
prayerful,0.0,1.0,0.0,0.0,3
preaching,0.0,1.0,0.0,0.0,3
preachy,0.0,1.0,0.0,0.0,3
precise,0.0,1.0,0.0,0.0,3
precocious,0.0,1.0,0.0,0.0,3
precondemning,0.0,1.0,0.0,0.0,3
predatory,0.0,1.0,0.0,0.0,3
predictable,0.0,1.0,0.0,0.0,3
prejudiced,1.0,0.0,0.0,-0.4404,1
prejudiceless,0.0,1.0,0.0,0.0,3
premeditative,0.0,1.0,0.0,0.0,3
preoccupied,0.0,1.0,0.0,0.0,3
presentable,0.0,1.0,0.0,0.0,3
presumptuous,0.0,1.0,0.0,0.0,3
pretenseful,0.0,1.0,0.0,0.0,3
pretenseless,0.0,1.0,0.0,0.0,3
pretentious,0.0,1.0,0.0,0.0,3
pretty,0.0,0.0,1.0,0.4939,5
prickly,1.0,0.0,0.0,-0.2263,2
prideful,0.0,1.0,0.0,0.0,3
prideless,0.0,1.0,0.0,0.0,3
priggish,0.0,1.0,0.0,0.0,3
prim,0.0,1.0,0.0,0.0,3
principled,0.0,1.0,0.0,0.0,3
prissy,0.0,1.0,0.0,0.0,3
private,0.0,1.0,0.0,0.0,3
privileged,0.0,0.0,1.0,0.4404,5
probing,0.0,1.0,0.0,0.0,3
procrastinating,0.0,1.0,0.0,0.0,3
productive,0.0,1.0,0.0,0.0,3
profane,0.0,1.0,0.0,0.0,3
professional,0.0,1.0,0.0,0.0,3
profligate,0.0,1.0,0.0,0.0,3
profound,0.0,1.0,0.0,0.0,3
prognosticating,0.0,1.0,0.0,0.0,3
progressive,0.0,1.0,0.0,0.0,3
prominent,0.0,0.0,1.0,0.3182,4
promiscuous,1.0,0.0,0.0,-0.0772,2
prompt,0.0,1.0,0.0,0.0,3
proper,0.0,1.0,0.0,0.0,3
prophetic,0.0,1.0,0.0,0.0,3
prosaic,0.0,1.0,0.0,0.0,3
prosperous,0.0,0.0,1.0,0.4767,5
protective,0.0,1.0,0.0,0.0,3
proud,0.0,0.0,1.0,0.4767,5
provincial,0.0,1.0,0.0,0.0,3
provocable,0.0,1.0,0.0,0.0,3
provocative,0.0,1.0,0.0,0.0,3
prudent,0.0,1.0,0.0,0.0,3
prudish,0.0,1.0,0.0,0.0,3
prurient,0.0,1.0,0.0,0.0,3
psychopathic,0.0,1.0,0.0,0.0,3
puckish,0.0,1.0,0.0,0.0,3
pugnacious,0.0,1.0,0.0,0.0,3
punctilious,0.0,1.0,0.0,0.0,3
punctual,0.0,1.0,0.0,0.0,3
punishing,1.0,0.0,0.0,-0.5574,1
pure,0.0,1.0,0.0,0.0,3
puritanical,0.0,1.0,0.0,0.0,3
purposeful,0.0,1.0,0.0,0.0,3
purposeless,0.0,1.0,0.0,0.0,3
purposive,0.0,1.0,0.0,0.0,3
pusillanimous,0.0,1.0,0.0,0.0,3
quaint,0.0,1.0,0.0,0.0,3
quarrelsome,0.0,1.0,0.0,0.0,3
querulous,0.0,1.0,0.0,0.0,3
questioning,1.0,0.0,0.0,-0.1027,2
quibbling,0.0,1.0,0.0,0.0,3
quick,0.0,1.0,0.0,0.0,3
quick-tempered,0.0,1.0,0.0,0.0,3
quick-witted,0.0,1.0,0.0,0.0,3
quiet,0.0,1.0,0.0,0.0,3
quiet-spoken,0.0,1.0,0.0,0.0,3
quirky,0.0,1.0,0.0,0.0,3
quixotic,0.0,1.0,0.0,0.0,3
racy,0.0,1.0,0.0,0.0,3
radical,0.0,1.0,0.0,0.0,3
rakish,0.0,1.0,0.0,0.0,3
rambling,0.0,1.0,0.0,0.0,3
rambunctious,0.0,1.0,0.0,0.0,3
rancorous,0.0,1.0,0.0,0.0,3
randy,0.0,1.0,0.0,0.0,3
rapacious,0.0,1.0,0.0,0.0,3
rapturous,0.0,0.0,1.0,0.4019,5
rascally,0.0,1.0,0.0,0.0,3
rash,1.0,0.0,0.0,-0.4019,1
rational,0.0,1.0,0.0,0.0,3
raucous,0.0,1.0,0.0,0.0,3
raunchy,0.0,1.0,0.0,0.0,3
reactionary,0.0,1.0,0.0,0.0,3
realistic,0.0,1.0,0.0,0.0,3
reasonable,0.0,1.0,0.0,0.0,3
reassuring,0.0,0.0,1.0,0.4019,5
rebellious,1.0,0.0,0.0,-0.296,2
recalcitrant,0.0,1.0,0.0,0.0,3
receiving,0.0,1.0,0.0,0.0,3
receptive,0.0,1.0,0.0,0.0,3
reckless,1.0,0.0,0.0,-0.4019,1
reclusive,0.0,1.0,0.0,0.0,3
recondite,0.0,1.0,0.0,0.0,3
redoubtable,0.0,1.0,0.0,0.0,3
refined,0.0,1.0,0.0,0.0,3
reflective,0.0,1.0,0.0,0.0,3
reformative,0.0,1.0,0.0,0.0,3
refreshing,0.0,1.0,0.0,0.0,3
regal,0.0,1.0,0.0,0.0,3
regular,0.0,1.0,0.0,0.0,3
relaxed,0.0,0.0,1.0,0.4939,5
relentless,0.0,0.0,1.0,0.0516,4
reliable,0.0,1.0,0.0,0.0,3
reliant,0.0,0.0,1.0,0.128,4
religious,0.0,1.0,0.0,0.0,3
reluctant,1.0,0.0,0.0,-0.25,2
remarkable,0.0,0.0,1.0,0.5574,5
remorseful,1.0,0.0,0.0,-0.2263,2
remorseless,1.0,0.0,0.0,-0.5106,1
repressed,1.0,0.0,0.0,-0.3182,2
reproachful,0.0,1.0,0.0,0.0,3
resentful,1.0,0.0,0.0,-0.4767,1
reserved,0.0,1.0,0.0,0.0,3
resigned,1.0,0.0,0.0,-0.25,2
resilient,0.0,1.0,0.0,0.0,3
resistant,0.0,1.0,0.0,0.0,3
resolute,0.0,0.0,1.0,0.2732,4
resolved,0.0,0.0,1.0,0.1779,4
resourceful,0.0,1.0,0.0,0.0,3
respectable,0.0,0.0,1.0,0.4404,5
respected,0.0,0.0,1.0,0.4767,5
respectful,0.0,0.0,1.0,0.4588,5
responsible,0.0,0.0,1.0,0.3182,4
responsive,0.0,0.0,1.0,0.3612,4
restive,0.0,1.0,0.0,0.0,3
restless,1.0,0.0,0.0,-0.2732,2
restrainable,0.0,1.0,0.0,0.0,3
restrained,0.0,1.0,0.0,0.0,3
retaliative,0.0,1.0,0.0,0.0,3
retarded,1.0,0.0,0.0,-0.5719,1
reticent,0.0,1.0,0.0,0.0,3
retiring,0.0,1.0,0.0,0.0,3
retortive,0.0,1.0,0.0,0.0,3
revengeful,1.0,0.0,0.0,-0.5267,1
reverent,0.0,1.0,0.0,0.0,3
rhythmic,0.0,1.0,0.0,0.0,3
rich,0.0,0.0,1.0,0.5574,5
ridiculous,1.0,0.0,0.0,-0.3612,2
righteous,0.0,1.0,0.0,0.0,3
rigid,1.0,0.0,0.0,-0.128,2
rigorous,1.0,0.0,0.0,-0.2732,2
risque,0.0,1.0,0.0,0.0,3
ritualistic,0.0,1.0,0.0,0.0,3
rivalrous,0.0,1.0,0.0,0.0,3
roguish,0.0,1.0,0.0,0.0,3
rollicking,0.0,1.0,0.0,0.0,3
romantic,0.0,0.0,1.0,0.4019,5
rootless,0.0,1.0,0.0,0.0,3
rough,0.0,1.0,0.0,0.0,3
rough-and-ready,0.0,1.0,0.0,0.0,3
rowdy,0.0,1.0,0.0,0.0,3
rudderless,0.0,1.0,0.0,0.0,3
rude,1.0,0.0,0.0,-0.4588,1
rueful,0.0,1.0,0.0,0.0,3
rugged,0.0,1.0,0.0,0.0,3
ruminative,0.0,1.0,0.0,0.0,3
rumpled,0.0,1.0,0.0,0.0,3
run-down,0.0,1.0,0.0,0.0,3
rushed,0.0,1.0,0.0,0.0,3
rustic,0.0,1.0,0.0,0.0,3
ruthless,0.0,1.0,0.0,0.0,3
saccharine,0.0,1.0,0.0,0.0,3
sacrilegious,0.0,1.0,0.0,0.0,3
sad,1.0,0.0,0.0,-0.4767,1
sadistic,0.0,1.0,0.0,0.0,3
sagacious,0.0,1.0,0.0,0.0,3
sage,0.0,1.0,0.0,0.0,3
saintly,0.0,1.0,0.0,0.0,3
salacious,0.0,1.0,0.0,0.0,3
salty,0.0,1.0,0.0,0.0,3
salubrious,0.0,1.0,0.0,0.0,3
sanctimonious,0.0,1.0,0.0,0.0,3
sanguine,0.0,1.0,0.0,0.0,3
sappy,1.0,0.0,0.0,-0.25,2
sarcastic,1.0,0.0,0.0,-0.25,2
sardonic,0.0,1.0,0.0,0.0,3
sassy,0.0,1.0,0.0,0.0,3
satirical,0.0,1.0,0.0,0.0,3
satisfied,0.0,0.0,1.0,0.4215,5
saturnine,0.0,1.0,0.0,0.0,3
saucy,0.0,1.0,0.0,0.0,3
savage,1.0,0.0,0.0,-0.4588,1
scampish,0.0,1.0,0.0,0.0,3
scandalmongering,0.0,1.0,0.0,0.0,3
scandalous,1.0,0.0,0.0,-0.5267,1
scared,1.0,0.0,0.0,-0.4404,1
scary,1.0,0.0,0.0,-0.4939,1
scatterbrained,0.0,1.0,0.0,0.0,3
scattered,0.0,1.0,0.0,0.0,3
scheduled,0.0,1.0,0.0,0.0,3
scheming,0.0,1.0,0.0,0.0,3
scholarly,0.0,1.0,0.0,0.0,3
scholastic,0.0,1.0,0.0,0.0,3
scientific,0.0,1.0,0.0,0.0,3
scoffing,0.0,1.0,0.0,0.0,3
scornful,1.0,0.0,0.0,-0.4215,1
scowling,0.0,1.0,0.0,0.0,3
scrappy,0.0,1.0,0.0,0.0,3
screwy,1.0,0.0,0.0,-0.34,2
scrounging,0.0,1.0,0.0,0.0,3
scrupulous,0.0,1.0,0.0,0.0,3
seclusive,0.0,1.0,0.0,0.0,3
secretive,0.0,1.0,0.0,0.0,3
secure,0.0,0.0,1.0,0.34,4
sedate,0.0,1.0,0.0,0.0,3
sedentary,0.0,1.0,0.0,0.0,3
seditious,1.0,0.0,0.0,-0.4019,1
seductive,0.0,1.0,0.0,0.0,3
seedy,0.0,1.0,0.0,0.0,3
seething,0.0,1.0,0.0,0.0,3
selective,0.0,1.0,0.0,0.0,3
self-absorbed,0.0,1.0,0.0,0.0,3
self-actualized,0.0,1.0,0.0,0.0,3
self-assertive,0.0,1.0,0.0,0.0,3
self-assured,0.0,1.0,0.0,0.0,3
self-centered,0.0,1.0,0.0,0.0,3
self-confident,0.0,0.0,1.0,0.5423,5
self-conscious,0.0,1.0,0.0,0.0,3
self-consistent,0.0,1.0,0.0,0.0,3
self-contained,0.0,1.0,0.0,0.0,3
self-controlled,0.0,1.0,0.0,0.0,3
self-correcting,0.0,1.0,0.0,0.0,3
self-critical,0.0,1.0,0.0,0.0,3
self-deceiving,0.0,1.0,0.0,0.0,3
self-defeating,0.0,1.0,0.0,0.0,3
self-defensive,0.0,1.0,0.0,0.0,3
self-deluding,0.0,1.0,0.0,0.0,3
self-denying,0.0,1.0,0.0,0.0,3
self-deprecating,0.0,1.0,0.0,0.0,3
self-destructive,0.0,1.0,0.0,0.0,3
self-disciplined,0.0,1.0,0.0,0.0,3
self-disparaging,0.0,1.0,0.0,0.0,3
self-doubting,0.0,1.0,0.0,0.0,3
self-educated,0.0,1.0,0.0,0.0,3
self-effacing,0.0,1.0,0.0,0.0,3
self-examining,0.0,1.0,0.0,0.0,3
self-excusing,0.0,1.0,0.0,0.0,3
self-expressive,0.0,1.0,0.0,0.0,3
self-important,0.0,1.0,0.0,0.0,3
self-indulgent,0.0,1.0,0.0,0.0,3
self-interested,0.0,1.0,0.0,0.0,3
self-involved,0.0,1.0,0.0,0.0,3
selfish,1.0,0.0,0.0,-0.4767,1
selfless,0.0,1.0,0.0,0.0,3
self-limiting,0.0,1.0,0.0,0.0,3
self-loathing,0.0,1.0,0.0,0.0,3
self-pitying,0.0,1.0,0.0,0.0,3
self-possessed,0.0,1.0,0.0,0.0,3
self-punishing,0.0,1.0,0.0,0.0,3
self-reflective,0.0,1.0,0.0,0.0,3
self-regulating,0.0,1.0,0.0,0.0,3
self-reliant,0.0,1.0,0.0,0.0,3
self-reproachful,0.0,1.0,0.0,0.0,3
self-respecting,0.0,1.0,0.0,0.0,3
self-restrained,0.0,1.0,0.0,0.0,3
self-revealing,0.0,1.0,0.0,0.0,3
self-righteous,0.0,1.0,0.0,0.0,3
self-sacrificing,0.0,1.0,0.0,0.0,3
self-satisfied,0.0,1.0,0.0,0.0,3
self-seeking,0.0,1.0,0.0,0.0,3
self-sufficient,0.0,1.0,0.0,0.0,3
self-supporting,0.0,1.0,0.0,0.0,3
self-taught,0.0,1.0,0.0,0.0,3
self-willed,0.0,1.0,0.0,0.0,3
senile,0.0,1.0,0.0,0.0,3
sensation-seeking,0.0,1.0,0.0,0.0,3
senseless,0.0,1.0,0.0,0.0,3
sensible,0.0,1.0,0.0,0.0,3
sensing,0.0,1.0,0.0,0.0,3
sensitive,0.0,1.0,0.0,0.0,3
sensual,0.0,1.0,0.0,0.0,3
sensuous,0.0,1.0,0.0,0.0,3
sententious,0.0,1.0,0.0,0.0,3
sentimental,0.0,0.0,1.0,0.3182,4
serene,0.0,0.0,1.0,0.4588,5
serious,1.0,0.0,0.0,-0.0772,2
serious-minded,0.0,1.0,0.0,0.0,3
serpentine,0.0,1.0,0.0,0.0,3
servile,0.0,1.0,0.0,0.0,3
severe,1.0,0.0,0.0,-0.3818,2
sexless,0.0,1.0,0.0,0.0,3
sexy,0.0,0.0,1.0,0.5267,5
shady,0.0,1.0,0.0,0.0,3
shaky,1.0,0.0,0.0,-0.2263,2
shallow,0.0,1.0,0.0,0.0,3
shameless,1.0,0.0,0.0,-0.34,2
sharp-tongued,0.0,1.0,0.0,0.0,3
sharp-witted,0.0,1.0,0.0,0.0,3
sheepish,0.0,1.0,0.0,0.0,3
shiftless,0.0,1.0,0.0,0.0,3
shocking,1.0,0.0,0.0,-0.4019,1
short,0.0,1.0,0.0,0.0,3
shortsighted,0.0,1.0,0.0,0.0,3
short-spoken,0.0,1.0,0.0,0.0,3
short-tempered,0.0,1.0,0.0,0.0,3
showy,0.0,1.0,0.0,0.0,3
shrewd,0.0,1.0,0.0,0.0,3
shrewish,0.0,1.0,0.0,0.0,3
shrieking,0.0,1.0,0.0,0.0,3
shrill,0.0,1.0,0.0,0.0,3
shrinking,0.0,1.0,0.0,0.0,3
shy,1.0,0.0,0.0,-0.25,2
sick,1.0,0.0,0.0,-0.5106,1
sickly,0.0,1.0,0.0,0.0,3
significant,0.0,0.0,1.0,0.2023,4
silent,0.0,1.0,0.0,0.0,3
silly,0.0,0.0,1.0,0.0258,4
simple,0.0,1.0,0.0,0.0,3
simpleminded,0.0,1.0,0.0,0.0,3
sincere,0.0,0.0,1.0,0.4019,5
sinful,1.0,0.0,0.0,-0.5574,1
single-minded,0.0,1.0,0.0,0.0,3
sinister,1.0,0.0,0.0,-0.5994,1
sisterly,0.0,1.0,0.0,0.0,3
skeptical,1.0,0.0,0.0,-0.3182,2
sketchy,0.0,1.0,0.0,0.0,3
skilled,0.0,1.0,0.0,0.0,3
skillful,0.0,1.0,0.0,0.0,3
skinny,0.0,1.0,0.0,0.0,3
skittish,0.0,1.0,0.0,0.0,3
slanderous,0.0,1.0,0.0,0.0,3
slapdash,0.0,1.0,0.0,0.0,3
slavish,0.0,1.0,0.0,0.0,3
sleazy,0.0,1.0,0.0,0.0,3
sleek,0.0,1.0,0.0,0.0,3
sleepy,0.0,1.0,0.0,0.0,3
slender,0.0,1.0,0.0,0.0,3
slick,0.0,1.0,0.0,0.0,3
slim,0.0,1.0,0.0,0.0,3
slinking,0.0,1.0,0.0,0.0,3
slippery,0.0,1.0,0.0,0.0,3
slipshod,0.0,1.0,0.0,0.0,3
sloppy,0.0,1.0,0.0,0.0,3
slothful,0.0,1.0,0.0,0.0,3
slovenly,0.0,1.0,0.0,0.0,3
slow,0.0,1.0,0.0,0.0,3
slow-witted,0.0,1.0,0.0,0.0,3
sluggish,1.0,0.0,0.0,-0.4019,1
sluttish,1.0,0.0,0.0,-0.4939,1
sly,0.0,1.0,0.0,0.0,3
smart,0.0,0.0,1.0,0.4019,5
smooth,0.0,1.0,0.0,0.0,3
smooth-spoken,0.0,1.0,0.0,0.0,3
smug,0.0,0.0,1.0,0.2023,4
smutty,0.0,1.0,0.0,0.0,3
snarling,0.0,1.0,0.0,0.0,3
sneaky,1.0,0.0,0.0,-0.2263,2
sneering,0.0,1.0,0.0,0.0,3
snide,0.0,1.0,0.0,0.0,3
snippy,0.0,1.0,0.0,0.0,3
sniveling,0.0,1.0,0.0,0.0,3
snobbish,1.0,0.0,0.0,-0.2263,2
snoopy,0.0,1.0,0.0,0.0,3
snooty,0.0,1.0,0.0,0.0,3
sober,0.0,1.0,0.0,0.0,3
sober-minded,0.0,1.0,0.0,0.0,3
sociable,0.0,0.0,1.0,0.4404,5
social,0.0,1.0,0.0,0.0,3
soft,0.0,1.0,0.0,0.0,3
soft-hearted,0.0,1.0,0.0,0.0,3
soft-shelled,0.0,1.0,0.0,0.0,3
soft-spoken,0.0,1.0,0.0,0.0,3
soldierly,0.0,1.0,0.0,0.0,3
solemn,1.0,0.0,0.0,-0.0772,2
solicitous,0.0,1.0,0.0,0.0,3
solitary,0.0,1.0,0.0,0.0,3
somber,1.0,0.0,0.0,-0.4215,1
soothing,0.0,0.0,1.0,0.3182,4
sophisticated,0.0,0.0,1.0,0.5574,5
sophomoric,0.0,1.0,0.0,0.0,3
sorry,1.0,0.0,0.0,-0.0772,2
soulful,0.0,1.0,0.0,0.0,3
sour,0.0,1.0,0.0,0.0,3
spare,0.0,1.0,0.0,0.0,3
sparkling,0.0,0.0,1.0,0.296,4
specific,0.0,1.0,0.0,0.0,3
speedy,0.0,1.0,0.0,0.0,3
spineless,0.0,1.0,0.0,0.0,3
spirited,0.0,0.0,1.0,0.3182,4
spiritless,1.0,0.0,0.0,-0.3182,2
spiritual,0.0,1.0,0.0,0.0,3
spiteful,1.0,0.0,0.0,-0.4404,1
splenetic,0.0,1.0,0.0,0.0,3
spoiled,0.0,1.0,0.0,0.0,3
spontaneous,0.0,1.0,0.0,0.0,3
sporting,0.0,1.0,0.0,0.0,3
sportsmanlike,0.0,1.0,0.0,0.0,3
sporty,0.0,1.0,0.0,0.0,3
sprightly,0.0,0.0,1.0,0.4588,5
spritely,0.0,1.0,0.0,0.0,3
spry,0.0,1.0,0.0,0.0,3
spunky,0.0,1.0,0.0,0.0,3
sputtering,0.0,1.0,0.0,0.0,3
spying,0.0,1.0,0.0,0.0,3
squeamish,0.0,1.0,0.0,0.0,3
stable,0.0,0.0,1.0,0.296,4
stalwart,0.0,1.0,0.0,0.0,3
standoffish,0.0,1.0,0.0,0.0,3
star-crossed,0.0,1.0,0.0,0.0,3
stark,0.0,1.0,0.0,0.0,3
startling,0.0,0.0,1.0,0.0772,4
stately,0.0,1.0,0.0,0.0,3
statesmanlike,0.0,1.0,0.0,0.0,3
statistical,0.0,1.0,0.0,0.0,3
steadfast,0.0,0.0,1.0,0.25,4
steady,0.0,1.0,0.0,0.0,3
steadying,0.0,1.0,0.0,0.0,3
stealthy,1.0,0.0,0.0,-0.0258,2
steely,0.0,1.0,0.0,0.0,3
stentorian,0.0,1.0,0.0,0.0,3
stern,0.0,1.0,0.0,0.0,3
stiff,0.0,1.0,0.0,0.0,3
stifling,0.0,1.0,0.0,0.0,3
stinging,0.0,1.0,0.0,0.0,3
stingy,1.0,0.0,0.0,-0.3818,2
stodgy,0.0,1.0,0.0,0.0,3
stoic,0.0,1.0,0.0,0.0,3
stolid,0.0,1.0,0.0,0.0,3
stormy,0.0,1.0,0.0,0.0,3
stout-hearted,0.0,1.0,0.0,0.0,3
straightforward,0.0,1.0,0.0,0.0,3
strait-laced,0.0,1.0,0.0,0.0,3
strange,1.0,0.0,0.0,-0.2023,2
strict,0.0,1.0,0.0,0.0,3
stringent,0.0,1.0,0.0,0.0,3
strong,0.0,0.0,1.0,0.5106,5
strong-minded,0.0,1.0,0.0,0.0,3
strong-willed,0.0,1.0,0.0,0.0,3
stubborn,1.0,0.0,0.0,-0.4019,1
stuck-up,0.0,1.0,0.0,0.0,3
studious,0.0,1.0,0.0,0.0,3
stuffy,0.0,1.0,0.0,0.0,3
stupid,1.0,0.0,0.0,-0.5267,1
sturdy,0.0,1.0,0.0,0.0,3
stylish,0.0,1.0,0.0,0.0,3
suave,0.0,0.0,1.0,0.4588,5
subdued,0.0,1.0,0.0,0.0,3
subjective,0.0,1.0,0.0,0.0,3
submissive,1.0,0.0,0.0,-0.3182,2
subservient,0.0,1.0,0.0,0.0,3
substantive,0.0,1.0,0.0,0.0,3
subversive,1.0,0.0,0.0,-0.2263,2
successful,0.0,0.0,1.0,0.5859,5
sugary,0.0,1.0,0.0,0.0,3
suggestible,0.0,1.0,0.0,0.0,3
sulky,1.0,0.0,0.0,-0.2023,2
sullen,1.0,0.0,0.0,-0.4019,1
sultry,0.0,1.0,0.0,0.0,3
sunny,0.0,0.0,1.0,0.4215,5
supercilious,0.0,1.0,0.0,0.0,3
superficial,0.0,1.0,0.0,0.0,3
superior,0.0,0.0,1.0,0.5423,5
supersensitive,0.0,1.0,0.0,0.0,3
superstitious,0.0,1.0,0.0,0.0,3
supportive,0.0,0.0,1.0,0.296,4
surly,0.0,1.0,0.0,0.0,3
surprised,0.0,0.0,1.0,0.2263,4
surprising,0.0,0.0,1.0,0.2732,4
suspicious,1.0,0.0,0.0,-0.3612,2
swaggering,0.0,1.0,0.0,0.0,3
swanky,0.0,1.0,0.0,0.0,3
sweet,0.0,0.0,1.0,0.4588,5
swellheaded,0.0,1.0,0.0,0.0,3
sycophantic,0.0,1.0,0.0,0.0,3
sympathetic,0.0,0.0,1.0,0.5106,5
systematic,0.0,1.0,0.0,0.0,3
taciturn,0.0,1.0,0.0,0.0,3
tacky,0.0,1.0,0.0,0.0,3
tactful,0.0,1.0,0.0,0.0,3
tactical,0.0,1.0,0.0,0.0,3
tactile,0.0,1.0,0.0,0.0,3
tactless,0.0,1.0,0.0,0.0,3
talented,0.0,0.0,1.0,0.5106,5
talkative,0.0,1.0,0.0,0.0,3
tame,0.0,1.0,0.0,0.0,3
tasteful,0.0,1.0,0.0,0.0,3
tasteless,0.0,1.0,0.0,0.0,3
tawdry,0.0,1.0,0.0,0.0,3
teachable,0.0,1.0,0.0,0.0,3
tearful,0.0,1.0,0.0,0.0,3
teary,0.0,1.0,0.0,0.0,3
teasing,1.0,0.0,0.0,-0.0772,2
technical,0.0,1.0,0.0,0.0,3
temperamental,0.0,1.0,0.0,0.0,3
temperate,0.0,1.0,0.0,0.0,3
tempestuous,0.0,1.0,0.0,0.0,3
temptable,0.0,1.0,0.0,0.0,3
tenacious,0.0,1.0,0.0,0.0,3
tender,0.0,1.0,0.0,0.0,3
tender-hearted,0.0,1.0,0.0,0.0,3
tenderminded,0.0,1.0,0.0,0.0,3
tense,1.0,0.0,0.0,-0.34,2
tentative,0.0,1.0,0.0,0.0,3
terrible,1.0,0.0,0.0,-0.4767,1
terrific,0.0,0.0,1.0,0.4767,5
terrifying,1.0,0.0,0.0,-0.5719,1
terse,0.0,1.0,0.0,0.0,3
testy,0.0,1.0,0.0,0.0,3
thankful,0.0,0.0,1.0,0.5719,5
thankless,0.0,1.0,0.0,0.0,3
theatrical,0.0,1.0,0.0,0.0,3
theoretical,0.0,1.0,0.0,0.0,3
thick,0.0,1.0,0.0,0.0,3
thickheaded,0.0,1.0,0.0,0.0,3
thick-skinned,0.0,1.0,0.0,0.0,3
thick-witted,0.0,1.0,0.0,0.0,3
thin,0.0,1.0,0.0,0.0,3
thinking,0.0,1.0,0.0,0.0,3
thin-skinned,0.0,1.0,0.0,0.0,3
thorny,1.0,0.0,0.0,-0.2732,2
thorough,0.0,1.0,0.0,0.0,3
thoroughgoing,0.0,1.0,0.0,0.0,3
thoughtful,0.0,0.0,1.0,0.3818,4
thoughtless,1.0,0.0,0.0,-0.4588,1
threatening,1.0,0.0,0.0,-0.5267,1
thriftless,0.0,1.0,0.0,0.0,3
thrifty,0.0,1.0,0.0,0.0,3
thundering,0.0,1.0,0.0,0.0,3
thunderous,0.0,1.0,0.0,0.0,3
ticklish,0.0,1.0,0.0,0.0,3
tidy,0.0,1.0,0.0,0.0,3
tight,0.0,1.0,0.0,0.0,3
tight-lipped,0.0,1.0,0.0,0.0,3
timid,1.0,0.0,0.0,-0.25,2
timorous,1.0,0.0,0.0,-0.2023,2
tiny,0.0,1.0,0.0,0.0,3
tired,1.0,0.0,0.0,-0.4404,1
tireless,0.0,1.0,0.0,0.0,3
tolerant,0.0,0.0,1.0,0.2732,4
torpid,0.0,1.0,0.0,0.0,3
touchy,0.0,1.0,0.0,0.0,3
tough,1.0,0.0,0.0,-0.128,2
tough-minded,0.0,1.0,0.0,0.0,3
traditional,0.0,1.0,0.0,0.0,3
tragic,1.0,0.0,0.0,-0.4588,1
traitorous,0.0,1.0,0.0,0.0,3
tranquil,0.0,0.0,1.0,0.0516,4
transgressive,0.0,1.0,0.0,0.0,3
transparent,0.0,1.0,0.0,0.0,3
treacherous,0.0,1.0,0.0,0.0,3
tremulous,1.0,0.0,0.0,-0.25,2
trenchant,0.0,1.0,0.0,0.0,3
trendy,0.0,1.0,0.0,0.0,3
tricky,1.0,0.0,0.0,-0.1531,2
trim,0.0,1.0,0.0,0.0,3
troubled,1.0,0.0,0.0,-0.4588,1
troublesome,1.0,0.0,0.0,-0.5106,1
truculent,0.0,1.0,0.0,0.0,3
trusted,0.0,0.0,1.0,0.4767,5
trustful,0.0,0.0,1.0,0.4767,5
trusting,0.0,0.0,1.0,0.4019,5
trustworthy,0.0,0.0,1.0,0.5574,5
trusty,0.0,0.0,1.0,0.4939,5
truthful,0.0,0.0,1.0,0.4588,5
truthless,0.0,1.0,0.0,0.0,3
twisted,0.0,1.0,0.0,0.0,3
twitchy,0.0,1.0,0.0,0.0,3
tyrannical,0.0,1.0,0.0,0.0,3
ugly,1.0,0.0,0.0,-0.5106,1
ultraconservative,0.0,1.0,0.0,0.0,3
ultracritical,0.0,1.0,0.0,0.0,3
ultrademocratic,0.0,1.0,0.0,0.0,3
ultrafastidious,0.0,1.0,0.0,0.0,3
ultraintellectual,0.0,1.0,0.0,0.0,3
ultrarefined,0.0,1.0,0.0,0.0,3
ultrareligious,0.0,1.0,0.0,0.0,3
ultrasensual,0.0,1.0,0.0,0.0,3
ultrasentimental,0.0,1.0,0.0,0.0,3
ultraspiritual,0.0,1.0,0.0,0.0,3
unabashed,0.0,1.0,0.0,0.0,3
unable,0.0,1.0,0.0,0.0,3
unaccessible,0.0,1.0,0.0,0.0,3
unaccommodating,0.0,1.0,0.0,0.0,3
unaccomplished,0.0,1.0,0.0,0.0,3
unaccountable,0.0,1.0,0.0,0.0,3
unadaptable,0.0,1.0,0.0,0.0,3
unadulterous,0.0,1.0,0.0,0.0,3
unadventurous,0.0,1.0,0.0,0.0,3
unaffable,0.0,1.0,0.0,0.0,3
unaffected,0.0,1.0,0.0,0.0,3
unaffectionate,0.0,1.0,0.0,0.0,3
unafraid,0.0,1.0,0.0,0.0,3
unaggressive,0.0,1.0,0.0,0.0,3
unagreeable,0.0,1.0,0.0,0.0,3
unaiding,0.0,1.0,0.0,0.0,3
unalert,0.0,1.0,0.0,0.0,3
unalterable,0.0,1.0,0.0,0.0,3
unambitious,0.0,1.0,0.0,0.0,3
unamiable,0.0,1.0,0.0,0.0,3
unamusable,0.0,1.0,0.0,0.0,3
unanalytic,0.0,1.0,0.0,0.0,3
unanchored,0.0,1.0,0.0,0.0,3
unanimated,0.0,1.0,0.0,0.0,3
unappreciative,0.0,1.0,0.0,0.0,3
unapproachable,0.0,1.0,0.0,0.0,3
unargumentative,0.0,1.0,0.0,0.0,3
unartistic,0.0,1.0,0.0,0.0,3
unashamed,0.0,1.0,0.0,0.0,3
unaspiring,0.0,1.0,0.0,0.0,3
unassertive,0.0,1.0,0.0,0.0,3
unassisting,0.0,1.0,0.0,0.0,3
unassuming,0.0,1.0,0.0,0.0,3
unassured,0.0,1.0,0.0,0.0,3
unattractive,1.0,0.0,0.0,-0.4404,1
unauthoritative,0.0,1.0,0.0,0.0,3
unbalanced,0.0,1.0,0.0,0.0,3
unbashful,0.0,1.0,0.0,0.0,3
unbelievable,0.0,0.0,1.0,0.2023,4
unbelligerent,0.0,1.0,0.0,0.0,3
unbendable,0.0,1.0,0.0,0.0,3
unbending,0.0,1.0,0.0,0.0,3
unbenevolent,0.0,1.0,0.0,0.0,3
unbewailing,0.0,1.0,0.0,0.0,3
unbiased,1.0,0.0,0.0,-0.0258,2
unbigoted,0.0,1.0,0.0,0.0,3
unblushing,0.0,1.0,0.0,0.0,3
unboastful,0.0,1.0,0.0,0.0,3
unbold,0.0,1.0,0.0,0.0,3
unbookish,0.0,1.0,0.0,0.0,3
unbridled,0.0,1.0,0.0,0.0,3
unbusinesslike,0.0,1.0,0.0,0.0,3
uncalculating,0.0,1.0,0.0,0.0,3
uncandid,0.0,1.0,0.0,0.0,3
uncareful,0.0,1.0,0.0,0.0,3
uncautious,0.0,1.0,0.0,0.0,3
unceremonious,0.0,1.0,0.0,0.0,3
uncertain,1.0,0.0,0.0,-0.296,2
unchangeable,0.0,1.0,0.0,0.0,3
unchanging,0.0,1.0,0.0,0.0,3
uncharitable,0.0,1.0,0.0,0.0,3
unchaste,0.0,1.0,0.0,0.0,3
uncheerful,0.0,1.0,0.0,0.0,3
uncheery,0.0,1.0,0.0,0.0,3
unchivalrous,0.0,1.0,0.0,0.0,3
uncivil,0.0,1.0,0.0,0.0,3
uncivilized,0.0,1.0,0.0,0.0,3
unclear,1.0,0.0,0.0,-0.25,2
uncollected,0.0,1.0,0.0,0.0,3
uncomfortable,1.0,0.0,0.0,-0.3818,2
uncommunicative,0.0,1.0,0.0,0.0,3
uncompanionable,0.0,1.0,0.0,0.0,3
uncompassionate,0.0,1.0,0.0,0.0,3
uncompetitive,0.0,1.0,0.0,0.0,3
uncomplaining,0.0,1.0,0.0,0.0,3
uncomplaisant,0.0,1.0,0.0,0.0,3
uncomplicated,0.0,1.0,0.0,0.0,3
uncompromising,0.0,1.0,0.0,0.0,3
unconcealing,0.0,1.0,0.0,0.0,3
unconciliatory,0.0,1.0,0.0,0.0,3
unconfident,0.0,1.0,0.0,0.0,3
unconfiding,0.0,1.0,0.0,0.0,3
unconformable,0.0,1.0,0.0,0.0,3
uncongenial,0.0,1.0,0.0,0.0,3
unconscientious,0.0,1.0,0.0,0.0,3
unconstrainable,0.0,1.0,0.0,0.0,3
unconstrained,0.0,1.0,0.0,0.0,3
unconstructive,0.0,1.0,0.0,0.0,3
uncontainable,0.0,1.0,0.0,0.0,3
uncontradictable,0.0,1.0,0.0,0.0,3
uncontriving,0.0,1.0,0.0,0.0,3
uncontrolled,1.0,0.0,0.0,-0.25,2
unconventional,0.0,1.0,0.0,0.0,3
uncooperative,0.0,1.0,0.0,0.0,3
uncordial,0.0,1.0,0.0,0.0,3
uncorrupted,0.0,1.0,0.0,0.0,3
uncourteous,0.0,1.0,0.0,0.0,3
uncourtly,0.0,1.0,0.0,0.0,3
uncouth,0.0,1.0,0.0,0.0,3
uncrafty,0.0,1.0,0.0,0.0,3
uncreative,0.0,1.0,0.0,0.0,3
uncritical,0.0,1.0,0.0,0.0,3
uncultivated,0.0,1.0,0.0,0.0,3
uncultured,0.0,1.0,0.0,0.0,3
uncunning,0.0,1.0,0.0,0.0,3
uncurbable,0.0,1.0,0.0,0.0,3
uncurious,0.0,1.0,0.0,0.0,3
undaunted,0.0,1.0,0.0,0.0,3
undeceivable,0.0,1.0,0.0,0.0,3
undeceptive,0.0,1.0,0.0,0.0,3
undefeatable,0.0,1.0,0.0,0.0,3
undelaying,0.0,1.0,0.0,0.0,3
undeliberate,0.0,1.0,0.0,0.0,3
undeliberative,0.0,1.0,0.0,0.0,3
undemanding,0.0,1.0,0.0,0.0,3
undemocratic,0.0,1.0,0.0,0.0,3
undemonstrative,0.0,1.0,0.0,0.0,3
undependable,0.0,1.0,0.0,0.0,3
underhanded,0.0,1.0,0.0,0.0,3
underogatory,0.0,1.0,0.0,0.0,3
understandable,0.0,1.0,0.0,0.0,3
understanding,0.0,1.0,0.0,0.0,3
underwitted,0.0,1.0,0.0,0.0,3
undespairing,0.0,1.0,0.0,0.0,3
undespondent,0.0,1.0,0.0,0.0,3
undeviating,0.0,1.0,0.0,0.0,3
undevious,0.0,1.0,0.0,0.0,3
undevout,0.0,1.0,0.0,0.0,3
undignified,0.0,1.0,0.0,0.0,3
undiligent,0.0,1.0,0.0,0.0,3
undiplomatic,0.0,1.0,0.0,0.0,3
undisappointable,0.0,1.0,0.0,0.0,3
undiscerning,0.0,1.0,0.0,0.0,3
undisciplined,0.0,1.0,0.0,0.0,3
undiscourageable,0.0,1.0,0.0,0.0,3
undiscriminating,0.0,1.0,0.0,0.0,3
undisguised,0.0,1.0,0.0,0.0,3
undisturbable,0.0,1.0,0.0,0.0,3
undivertible,0.0,1.0,0.0,0.0,3
undogmatic,0.0,1.0,0.0,0.0,3
undramatic,0.0,1.0,0.0,0.0,3
undutiful,0.0,1.0,0.0,0.0,3
uneager,0.0,1.0,0.0,0.0,3
unearnest,0.0,1.0,0.0,0.0,3
uneasy,1.0,0.0,0.0,-0.3818,2
uneconomical,0.0,1.0,0.0,0.0,3
uneducated,0.0,1.0,0.0,0.0,3
unelusive,0.0,1.0,0.0,0.0,3
unembittered,0.0,1.0,0.0,0.0,3
unemotional,0.0,1.0,0.0,0.0,3
unemphatic,0.0,1.0,0.0,0.0,3
unemployed,0.0,1.0,0.0,0.0,3
unencumbered,0.0,1.0,0.0,0.0,3
unenergetic,0.0,1.0,0.0,0.0,3
unenlightened,0.0,1.0,0.0,0.0,3
unenterprising,0.0,1.0,0.0,0.0,3
unenthusiastic,0.0,1.0,0.0,0.0,3
unenvious,0.0,1.0,0.0,0.0,3
unequivocal,0.0,1.0,0.0,0.0,3
unerring,0.0,1.0,0.0,0.0,3
unethical,1.0,0.0,0.0,-0.5106,1
unexacting,0.0,1.0,0.0,0.0,3
unexcitable,0.0,1.0,0.0,0.0,3
unexpansive,0.0,1.0,0.0,0.0,3
unexplosive,0.0,1.0,0.0,0.0,3
unextravagant,0.0,1.0,0.0,0.0,3
unextraverted,0.0,1.0,0.0,0.0,3
unfailing,0.0,1.0,0.0,0.0,3
unfair,1.0,0.0,0.0,-0.4767,1
unfaithful,0.0,1.0,0.0,0.0,3
unfaltering,0.0,1.0,0.0,0.0,3
unfashionable,0.0,1.0,0.0,0.0,3
unfearing,0.0,1.0,0.0,0.0,3
unfeeling,0.0,1.0,0.0,0.0,3
unfeigning,0.0,1.0,0.0,0.0,3
unfeminine,0.0,1.0,0.0,0.0,3
unfettered,0.0,1.0,0.0,0.0,3
unflagging,0.0,1.0,0.0,0.0,3
unflinching,0.0,1.0,0.0,0.0,3
unfluctuating,0.0,1.0,0.0,0.0,3
unfluent,0.0,1.0,0.0,0.0,3
unfocused,1.0,0.0,0.0,-0.4019,1
unforbearing,0.0,1.0,0.0,0.0,3
unforcible,0.0,1.0,0.0,0.0,3
unforgetful,0.0,1.0,0.0,0.0,3
unforgettable,0.0,1.0,0.0,0.0,3
unforgiving,0.0,1.0,0.0,0.0,3
unforseeing,0.0,1.0,0.0,0.0,3
unfraternal,0.0,1.0,0.0,0.0,3
unfriendly,1.0,0.0,0.0,-0.3612,2
unfrugal,0.0,1.0,0.0,0.0,3
ungainly,0.0,1.0,0.0,0.0,3
ungallant,0.0,1.0,0.0,0.0,3
ungenerous,0.0,1.0,0.0,0.0,3
ungenteel,0.0,1.0,0.0,0.0,3
ungentle,0.0,1.0,0.0,0.0,3
ungentlemanly,0.0,1.0,0.0,0.0,3
ungiving,0.0,1.0,0.0,0.0,3
ungodly,0.0,1.0,0.0,0.0,3
ungovernable,0.0,1.0,0.0,0.0,3
ungraceful,0.0,1.0,0.0,0.0,3
ungracious,0.0,1.0,0.0,0.0,3
ungrateful,1.0,0.0,0.0,-0.4588,1
ungregarious,0.0,1.0,0.0,0.0,3
ungrudging,0.0,1.0,0.0,0.0,3
unguarded,0.0,1.0,0.0,0.0,3
unhappy,1.0,0.0,0.0,-0.4215,1
unhardened,0.0,1.0,0.0,0.0,3
unhardy,0.0,1.0,0.0,0.0,3
unharming,0.0,1.0,0.0,0.0,3
unhasty,0.0,1.0,0.0,0.0,3
unhealthy,1.0,0.0,0.0,-0.5267,1
unheedful,0.0,1.0,0.0,0.0,3
unhelpful,0.0,1.0,0.0,0.0,3
unheroic,0.0,1.0,0.0,0.0,3
unholy,0.0,1.0,0.0,0.0,3
unhurried,0.0,1.0,0.0,0.0,3
unimaginative,0.0,1.0,0.0,0.0,3
unimpassionate,0.0,1.0,0.0,0.0,3
unimpatient,0.0,1.0,0.0,0.0,3
unimpeachable,0.0,1.0,0.0,0.0,3
unimpressed,1.0,0.0,0.0,-0.34,2
unimpressible,0.0,1.0,0.0,0.0,3
unimpressionable,0.0,1.0,0.0,0.0,3
unindulgent,0.0,1.0,0.0,0.0,3
unindustrious,0.0,1.0,0.0,0.0,3
uninformed,0.0,1.0,0.0,0.0,3
uningenious,0.0,1.0,0.0,0.0,3
uninhibited,0.0,1.0,0.0,0.0,3
uninquiring,0.0,1.0,0.0,0.0,3
uninquisitive,0.0,1.0,0.0,0.0,3
uninspired,0.0,1.0,0.0,0.0,3
unintellectual,0.0,1.0,0.0,0.0,3
unintelligent,1.0,0.0,0.0,-0.4588,1
unintelligible,0.0,1.0,0.0,0.0,3
uninterested,0.0,1.0,0.0,0.0,3
unintrospective,0.0,1.0,0.0,0.0,3
uninventive,0.0,1.0,0.0,0.0,3
uninvestigative,0.0,1.0,0.0,0.0,3
unique,0.0,1.0,0.0,0.0,3
unjealous,0.0,1.0,0.0,0.0,3
unjoyful,0.0,1.0,0.0,0.0,3
unkempt,0.0,1.0,0.0,0.0,3
unkind,1.0,0.0,0.0,-0.3818,2
unkindly,0.0,1.0,0.0,0.0,3
unladylike,0.0,1.0,0.0,0.0,3
unlearned,0.0,1.0,0.0,0.0,3
unliterary,0.0,1.0,0.0,0.0,3
unlively,0.0,1.0,0.0,0.0,3
unloving,1.0,0.0,0.0,-0.5106,1
unlucky,0.0,1.0,0.0,0.0,3
unmaidenly,0.0,1.0,0.0,0.0,3
unmalicious,0.0,1.0,0.0,0.0,3
unmalleable,0.0,1.0,0.0,0.0,3
unmanly,0.0,1.0,0.0,0.0,3
unmannered,0.0,1.0,0.0,0.0,3
unmasculine,0.0,1.0,0.0,0.0,3
unmeddling,0.0,1.0,0.0,0.0,3
unmeek,0.0,1.0,0.0,0.0,3
unmelancholy,0.0,1.0,0.0,0.0,3
unmercenary,0.0,1.0,0.0,0.0,3
unmerciful,0.0,1.0,0.0,0.0,3
unmerry,0.0,1.0,0.0,0.0,3
unmethodical,0.0,1.0,0.0,0.0,3
unmild,0.0,1.0,0.0,0.0,3
unmindful,0.0,1.0,0.0,0.0,3
unmirthful,0.0,1.0,0.0,0.0,3
unmodifiable,0.0,1.0,0.0,0.0,3
unmoralizing,0.0,1.0,0.0,0.0,3
unmovable,0.0,1.0,0.0,0.0,3
unmusical,0.0,1.0,0.0,0.0,3
unnatural,0.0,1.0,0.0,0.0,3
unneighborly,0.0,1.0,0.0,0.0,3
unniggardly,0.0,1.0,0.0,0.0,3
unobliging,0.0,1.0,0.0,0.0,3
unobservant,0.0,1.0,0.0,0.0,3
unobtrusive,0.0,1.0,0.0,0.0,3
unoriginal,0.0,1.0,0.0,0.0,3
unorthodox,0.0,1.0,0.0,0.0,3
unostentatious,0.0,1.0,0.0,0.0,3
unpardoning,0.0,1.0,0.0,0.0,3
unpartisan,0.0,1.0,0.0,0.0,3
unpatriotic,0.0,1.0,0.0,0.0,3
unpeaceable,0.0,1.0,0.0,0.0,3
unperceptive,0.0,1.0,0.0,0.0,3
unpersonable,0.0,1.0,0.0,0.0,3
unpersuadable,0.0,1.0,0.0,0.0,3
unpersuasive,0.0,1.0,0.0,0.0,3
unphilanthropic,0.0,1.0,0.0,0.0,3
unphilosophical,0.0,1.0,0.0,0.0,3
unpitying,0.0,1.0,0.0,0.0,3
unpleasable,0.0,1.0,0.0,0.0,3
unpliable,0.0,1.0,0.0,0.0,3
unpoised,0.0,1.0,0.0,0.0,3
unpolished,0.0,1.0,0.0,0.0,3
unpolite,0.0,1.0,0.0,0.0,3
unpolitical,0.0,1.0,0.0,0.0,3
unpopular,0.0,1.0,0.0,0.0,3
unpreaching,0.0,1.0,0.0,0.0,3
unpredictable,0.0,1.0,0.0,0.0,3
unpresuming,0.0,1.0,0.0,0.0,3
unpretending,0.0,1.0,0.0,0.0,3
unpretentious,0.0,1.0,0.0,0.0,3
unprincipled,0.0,1.0,0.0,0.0,3
unproductive,0.0,1.0,0.0,0.0,3
unprofessional,1.0,0.0,0.0,-0.5106,1
unprogressive,0.0,1.0,0.0,0.0,3
unprovincial,0.0,1.0,0.0,0.0,3
unpunctual,0.0,1.0,0.0,0.0,3
unpurposed,0.0,1.0,0.0,0.0,3
unquestioning,0.0,1.0,0.0,0.0,3
unrealistic,0.0,1.0,0.0,0.0,3
unreasonable,0.0,1.0,0.0,0.0,3
unreasoning,0.0,1.0,0.0,0.0,3
unreceptive,0.0,1.0,0.0,0.0,3
unrefined,0.0,1.0,0.0,0.0,3
unreflective,0.0,1.0,0.0,0.0,3
unregulated,0.0,1.0,0.0,0.0,3
unreined,0.0,1.0,0.0,0.0,3
unrelaxing,0.0,1.0,0.0,0.0,3
unrelenting,0.0,1.0,0.0,0.0,3
unreliable,0.0,1.0,0.0,0.0,3
unreligious,0.0,1.0,0.0,0.0,3
unremitting,0.0,1.0,0.0,0.0,3
unrepressible,0.0,1.0,0.0,0.0,3
unreproachful,0.0,1.0,0.0,0.0,3
unreserved,0.0,1.0,0.0,0.0,3
unrespectful,0.0,1.0,0.0,0.0,3
unresponsive,0.0,1.0,0.0,0.0,3
unresting,0.0,1.0,0.0,0.0,3
unrestrainable,0.0,1.0,0.0,0.0,3
unrestrained,0.0,1.0,0.0,0.0,3
unrevealing,0.0,1.0,0.0,0.0,3
unrevengeful,0.0,1.0,0.0,0.0,3
unromantic,0.0,1.0,0.0,0.0,3
unrude,0.0,1.0,0.0,0.0,3
unruly,0.0,1.0,0.0,0.0,3
unsaintly,0.0,1.0,0.0,0.0,3
unsanitary,0.0,1.0,0.0,0.0,3
unsatisfiable,0.0,1.0,0.0,0.0,3
unsavory,1.0,0.0,0.0,-0.4404,1
unscholarly,0.0,1.0,0.0,0.0,3
unschooled,0.0,1.0,0.0,0.0,3
unscientific,0.0,1.0,0.0,0.0,3
unscornful,0.0,1.0,0.0,0.0,3
unscrupulous,0.0,1.0,0.0,0.0,3
unsearching,0.0,1.0,0.0,0.0,3
unselfconscious,0.0,1.0,0.0,0.0,3
unselfish,0.0,1.0,0.0,0.0,3
unsensual,0.0,1.0,0.0,0.0,3
unsentimental,0.0,1.0,0.0,0.0,3
unsettled,1.0,0.0,0.0,-0.3182,2
unsevere,0.0,1.0,0.0,0.0,3
unsexual,0.0,1.0,0.0,0.0,3
unshakable,0.0,1.0,0.0,0.0,3
unshrinking,0.0,1.0,0.0,0.0,3
unshy,0.0,1.0,0.0,0.0,3
unskeptical,0.0,1.0,0.0,0.0,3
unsly,0.0,1.0,0.0,0.0,3
unsmiling,0.0,1.0,0.0,0.0,3
unsociable,0.0,1.0,0.0,0.0,3
unsocial,0.0,1.0,0.0,0.0,3
unsolemn,0.0,1.0,0.0,0.0,3
unsolicitous,0.0,1.0,0.0,0.0,3
unsophisticated,1.0,0.0,0.0,-0.296,2
unsparing,0.0,1.0,0.0,0.0,3
unsparkling,0.0,1.0,0.0,0.0,3
unspeaking,0.0,1.0,0.0,0.0,3
unspiritual,0.0,1.0,0.0,0.0,3
unspontaneous,0.0,1.0,0.0,0.0,3
unsportsmanlike,0.0,1.0,0.0,0.0,3
unstable,1.0,0.0,0.0,-0.3612,2
unsteadfast,0.0,1.0,0.0,0.0,3
unsteady,0.0,1.0,0.0,0.0,3
unstirrable,0.0,1.0,0.0,0.0,3
unstormy,0.0,1.0,0.0,0.0,3
unstudied,0.0,1.0,0.0,0.0,3
unstudious,0.0,1.0,0.0,0.0,3
unsubduable,0.0,1.0,0.0,0.0,3
unsubmissive,0.0,1.0,0.0,0.0,3
unsullied,0.0,1.0,0.0,0.0,3
unsunny,0.0,1.0,0.0,0.0,3
unsure,1.0,0.0,0.0,-0.25,2
unsuspecting,0.0,1.0,0.0,0.0,3
unsuspicious,0.0,1.0,0.0,0.0,3
unswayable,0.0,1.0,0.0,0.0,3
unswerving,0.0,1.0,0.0,0.0,3
unsympathetic,0.0,1.0,0.0,0.0,3
unsystematic,0.0,1.0,0.0,0.0,3
untalkative,0.0,1.0,0.0,0.0,3
untamable,0.0,1.0,0.0,0.0,3
untamed,0.0,1.0,0.0,0.0,3
untasteful,0.0,1.0,0.0,0.0,3
untaught,0.0,1.0,0.0,0.0,3
unteachable,0.0,1.0,0.0,0.0,3
untemptable,0.0,1.0,0.0,0.0,3
untender,0.0,1.0,0.0,0.0,3
untheatrical,0.0,1.0,0.0,0.0,3
unthinking,0.0,1.0,0.0,0.0,3
unthorough,0.0,1.0,0.0,0.0,3
unthrifty,0.0,1.0,0.0,0.0,3
untidy,0.0,1.0,0.0,0.0,3
untiring,0.0,1.0,0.0,0.0,3
untoward,0.0,1.0,0.0,0.0,3
untrained,0.0,1.0,0.0,0.0,3
untransparent,0.0,1.0,0.0,0.0,3
untrustful,0.0,1.0,0.0,0.0,3
untrustworthy,0.0,1.0,0.0,0.0,3
untruthful,0.0,1.0,0.0,0.0,3
untutored,0.0,1.0,0.0,0.0,3
unusual,0.0,1.0,0.0,0.0,3
unvacillating,0.0,1.0,0.0,0.0,3
unvain,0.0,1.0,0.0,0.0,3
unvaliant,0.0,1.0,0.0,0.0,3
unvarying,0.0,1.0,0.0,0.0,3
unventurous,0.0,1.0,0.0,0.0,3
unversed,0.0,1.0,0.0,0.0,3
unvigilant,0.0,1.0,0.0,0.0,3
unvigorous,0.0,1.0,0.0,0.0,3
unvindictive,0.0,1.0,0.0,0.0,3
unvisioned,0.0,1.0,0.0,0.0,3
unvocal,0.0,1.0,0.0,0.0,3
unvoluptuous,0.0,1.0,0.0,0.0,3
unwarlike,0.0,1.0,0.0,0.0,3
unwary,0.0,1.0,0.0,0.0,3
unwasteful,0.0,1.0,0.0,0.0,3
unwatchful,0.0,1.0,0.0,0.0,3
unwavering,0.0,1.0,0.0,0.0,3
unwholesome,0.0,1.0,0.0,0.0,3
unwild,0.0,1.0,0.0,0.0,3
unwillful,0.0,1.0,0.0,0.0,3
unwilling,0.0,1.0,0.0,0.0,3
unwily,0.0,1.0,0.0,0.0,3
unwise,0.0,1.0,0.0,0.0,3
unwitty,0.0,1.0,0.0,0.0,3
unworldly,0.0,1.0,0.0,0.0,3
unyielding,0.0,1.0,0.0,0.0,3
unzealous,0.0,1.0,0.0,0.0,3
uplifting,0.0,1.0,0.0,0.0,3
upright,0.0,1.0,0.0,0.0,3
upset,1.0,0.0,0.0,-0.3818,2
urbane,0.0,1.0,0.0,0.0,3
useful,0.0,0.0,1.0,0.4404,5
usurping,0.0,1.0,0.0,0.0,3
utilitarian,0.0,1.0,0.0,0.0,3
vacuous,0.0,1.0,0.0,0.0,3
vague,1.0,0.0,0.0,-0.1027,2
vain,1.0,0.0,0.0,-0.4215,1
vainglorious,0.0,1.0,0.0,0.0,3
valiant,0.0,1.0,0.0,0.0,3
valorous,0.0,1.0,0.0,0.0,3
valuable,0.0,0.0,1.0,0.4767,5
vapid,0.0,1.0,0.0,0.0,3
variable,0.0,1.0,0.0,0.0,3
vegetative,0.0,1.0,0.0,0.0,3
vehement,0.0,1.0,0.0,0.0,3
venal,0.0,1.0,0.0,0.0,3
vengeful,0.0,1.0,0.0,0.0,3
venturesome,0.0,1.0,0.0,0.0,3
venturous,0.0,1.0,0.0,0.0,3
verbal,0.0,1.0,0.0,0.0,3
verbose,0.0,1.0,0.0,0.0,3
versatile,0.0,1.0,0.0,0.0,3
vibrant,0.0,0.0,1.0,0.5267,5
vicious,1.0,0.0,0.0,-0.3612,2
vigilant,0.0,0.0,1.0,0.1779,4
vigorless,0.0,1.0,0.0,0.0,3
vigorous,0.0,1.0,0.0,0.0,3
vindictive,0.0,1.0,0.0,0.0,3
violent,1.0,0.0,0.0,-0.5994,1
virginal,0.0,1.0,0.0,0.0,3
virile,0.0,1.0,0.0,0.0,3
virtuous,0.0,0.0,1.0,0.5267,5
visionary,0.0,0.0,1.0,0.5267,5
vital,0.0,0.0,1.0,0.296,4
vitriolic,1.0,0.0,0.0,-0.4767,1
vituperative,0.0,1.0,0.0,0.0,3
vivacious,0.0,0.0,1.0,0.4215,5
vivid,0.0,1.0,0.0,0.0,3
vocal,0.0,1.0,0.0,0.0,3
vociferous,1.0,0.0,0.0,-0.2023,2
volatile,0.0,1.0,0.0,0.0,3
volcanic,0.0,1.0,0.0,0.0,3
voluptuous,0.0,1.0,0.0,0.0,3
vulgar,0.0,1.0,0.0,0.0,3
vulnerable,1.0,0.0,0.0,-0.2263,2
waggish,0.0,1.0,0.0,0.0,3
warlike,0.0,1.0,0.0,0.0,3
warm,0.0,0.0,1.0,0.2263,4
warm-hearted,0.0,1.0,0.0,0.0,3
warmthless,0.0,1.0,0.0,0.0,3
wary,0.0,1.0,0.0,0.0,3
wasteful,0.0,1.0,0.0,0.0,3
watchful,0.0,1.0,0.0,0.0,3
weak,1.0,0.0,0.0,-0.4404,1
weak-hearted,0.0,1.0,0.0,0.0,3
weak-kneed,0.0,1.0,0.0,0.0,3
weak-minded,0.0,1.0,0.0,0.0,3
weak-spirited,0.0,1.0,0.0,0.0,3
wealthy,0.0,0.0,1.0,0.3612,4
weariless,0.0,1.0,0.0,0.0,3
weepy,1.0,0.0,0.0,-0.3182,2
weird,1.0,0.0,0.0,-0.1779,2
well,0.0,0.0,1.0,0.2732,4
well-adjusted,0.0,1.0,0.0,0.0,3
well-bred,0.0,1.0,0.0,0.0,3
well-known,0.0,1.0,0.0,0.0,3
well-liked,0.0,1.0,0.0,0.0,3
well-mannered,0.0,1.0,0.0,0.0,3
well-read,0.0,1.0,0.0,0.0,3
well-spoken,0.0,1.0,0.0,0.0,3
well-to-do,0.0,1.0,0.0,0.0,3
wheedling,0.0,1.0,0.0,0.0,3
whimsical,0.0,0.0,1.0,0.0772,4
whiny,0.0,1.0,0.0,0.0,3
whorish,0.0,1.0,0.0,0.0,3
wicked,1.0,0.0,0.0,-0.5267,1
wide-awake,0.0,1.0,0.0,0.0,3
wifely,0.0,1.0,0.0,0.0,3
wild,0.0,1.0,0.0,0.0,3
willful,0.0,1.0,0.0,0.0,3
willing,0.0,1.0,0.0,0.0,3
wily,0.0,1.0,0.0,0.0,3
wise,0.0,0.0,1.0,0.4767,5
wishful,0.0,1.0,0.0,0.0,3
wishy-washy,0.0,1.0,0.0,0.0,3
wistful,0.0,1.0,0.0,0.0,3
withdrawing,0.0,1.0,0.0,0.0,3
withdrawn,0.0,1.0,0.0,0.0,3
witless,0.0,1.0,0.0,0.0,3
witty,0.0,1.0,0.0,0.0,3
woeful,1.0,0.0,0.0,-0.4404,1
wolfish,0.0,1.0,0.0,0.0,3
womanly,0.0,1.0,0.0,0.0,3
wonderful,0.0,0.0,1.0,0.5719,5
wordy,0.0,1.0,0.0,0.0,3
worldly,0.0,1.0,0.0,0.0,3
worldly-minded,0.0,1.0,0.0,0.0,3
worldly-wise,0.0,1.0,0.0,0.0,3
world-weary,0.0,1.0,0.0,0.0,3
worried,1.0,0.0,0.0,-0.296,2
worriless,0.0,1.0,0.0,0.0,3
worrying,1.0,0.0,0.0,-0.34,2
worshipful,0.0,0.0,1.0,0.1779,4
worthy,0.0,0.0,1.0,0.4404,5
wry,0.0,1.0,0.0,0.0,3
yammering,0.0,1.0,0.0,0.0,3
yappy,0.0,1.0,0.0,0.0,3
yearning,0.0,0.0,1.0,0.128,4
yielding,0.0,1.0,0.0,0.0,3
young,0.0,1.0,0.0,0.0,3
youthful,0.0,0.0,1.0,0.3182,4
zany,0.0,1.0,0.0,0.0,3
zealless,0.0,1.0,0.0,0.0,3
zealous,0.0,0.0,1.0,0.128,4
zestful,0.0,1.0,0.0,0.0,3
